PEPTIDE,BIN AFF,IMMUNOGENICITY,pI,INSTABILITY,ALIPHATIC,GRAVY,CATEGORY
ACVNGSCFTIMTDGP,0.4818,98.891,3.8,43.39,52,0.573,VC
ADTRILFIEEGKIVH,0.5722,93.8267,5.45,40.54,130,0.193,VC
ADTRILFIKEGKIVH,0.3216,82.5978,8.64,-16.15,130,0.167,VC
AFDNGDDVWMGRTIS,0.5284,97.856,3.93,23.33,52,-0.433,VC
AGGDIWVTREPYVSC,0.3527,98.8877,4.37,40.81,71.33,-0.027,VC
AGQDATSVILTGNSS,0.4897,97.2035,3.8,36.53,84.67,0.067,VC
AILATTVTLHFKQHE,0.5501,91.3932,6.96,15.37,110.67,0.22,VC
AILVTTVTLHFKQHE,0.5875,90.8285,6.96,9.71,123.33,0.38,VC
AITDWSGYSGSFVQH,0.4479,96.1906,5.08,3.67,52,-2,VC
AIYSKDNGIRIGSKG,0.7998,91.7592,9.7,-12.01,84.67,-0.54,VC
ANGIKGFSFRYDNGV,0.5935,89.9569,8.63,-16.93,52,-0.407,VC
APFSKDNSIRLSAGG,0.6542,75.3237,8.79,43.24,65.33,-0.367,VC
ASACHDGMGWLTIGI,0.3013,94.149,5.08,71.15,91.33,0.7,VC
ASFIYDGRLVDSIGS,0.527,96.0035,4.21,27.94,104,0.373,VC
ASGRADTRILFIEEG,0.6313,99.505,4.68,57.52,91.33,-0.173,VC
ASGRADTRILFIKEG,0.6473,99.5537,8.79,0.83,91.33,-0.2,VC
ASNQVMPCEPIIIER,0.7484,98.1277,4.53,65.68,104,0.093,VC
ASYKILKIEKGKVTK,0.8042,44.4363,10,11.58,104,-0.493,VC
ATASFIYDGRLVDSI,0.6645,95.2098,4.21,27.94,110.67,0.527,VC
ATSVILTGNSSLCPI,0.4797,93.089,5.56,36.53,130,1.053,VC
ATTVTLHFKQHECDS,0.5276,90.9563,5.99,57.5,52,-0.573,VC
ATVCFLMQIAILATT,0.7328,89.9028,5.56,17.15,143.33,1.853,VC
ATVCFLMQIAILVTT,0.7307,92.9534,5.56,11.49,156,2.013,VC
AVAVLKYNGIITDTI,0.7268,74.0517,5.88,-22.03,156,1.02,VC
AVLKYNGIITDTIKS,0.4627,77.0527,8.54,-27.69,130,0.307,VC
AWLHVCITGDDKNAT,0.3693,97.5935,5.21,6.24,84.67,-0.113,VC
AWLHVCVTGDDRNAT,0.3597,98.5787,5.21,4.41,78,-0.173,VC
AWSASACHDGMGWLT,0.4487,97.8152,5.08,76.81,46,0.133,VC
CACVNGSCFTIMTDG,0.464,98.7404,3.8,43.39,52,0.847,VC
CDSPASNQVMPCEPI,0.4812,99.926,3.67,104.2,52,-0.2,VC
CEPIIIERNITEIVY,0.5081,93.2436,4.25,103.98,149.33,0.473,VC
CFLMQIAILATTVTL,0.7395,82.4478,5.52,11.49,162.67,1.987,VC
CFLMQIAILVTTVTL,0.7406,88.4619,5.52,5.83,175.33,2.147,VC
CFTIMTDGPSNGQAS,0.5835,97.2846,3.8,10.23,32.67,-0.16,VC
CFWVELIRGQPKENT,0.7062,97.271,6.14,5.19,71.33,-0.547,VC
CFYVELIRGRKQETR,0.7633,74.3217,9.31,54.03,71.33,-0.833,VC
CFYVELIRGRPQETR,0.7363,97.4133,8.22,63.93,71.33,-0.68,VC
CGPVSSNGANGIKGF,0.7175,98.0724,8.22,-7.67,52,0.007,VC
CGTSGTYGTGSWPDG,0.7111,98.92,3.8,-23.99,0,-0.7,VC
CHDGMGWLTIGISGP,0.5147,91.576,5.08,41.86,78,0.327,VC
CIAWSSSSCHDGKAW,0.3442,98.2666,6.73,85.66,39.33,-0.193,VC
CICRDNWKGSNRPVI,0.52,91.5685,8.96,22.44,71.33,-0.593,VC
CICRDNWKGSNRPVV,0.5285,93.9871,8.96,22.44,64.67,-0.613,VC
CINGTCTVVMTDGSA,0.504,97.1151,3.8,13.47,71.33,-0.727,VC
CINRCFYVELIRGRK,0.4061,90.9581,9.5,25.41,97.33,-0.087,VC
CINRCFYVELIRGRP,0.4069,96.4751,8.96,38.25,97.33,0.067,VC
CMRPCFWVELIRGQP,0.4201,97.7082,8.07,35.37,71.33,0.113,VC
CMVVGIISLILQIGN,0.4269,99.3995,5.52,48.66,194.67,1.987,VC
CNQSIITYENNTWVN,0.3857,89.6899,4,7.23,71.33,-0.647,VC
CPISGWAIYSKDNGI,0.5569,91.0322,5.83,4.7,84.67,0.047,VC
CQITGFAPFSKDNSI,0.5431,77.5116,5.83,24.33,58.67,0.013,VC
CRDNWHGSNRPWVSF,0.5937,93.027,8.26,16.55,19.33,-1.24,VC
CRDNWKGSNRPVIDI,0.5774,93.7623,8.22,22.44,71.33,-0.993,VC
CRDNWKGSNRPVVDI,0.5887,94.1157,8.22,12.42,64.67,-1.013,VC
CRTFFLTQGALLNDK,0.6892,94.7636,8.22,1.21,84.67,0.04,VC
CSCYPRYPGVRCICR,0.6693,99.8159,8.94,37.47,45.33,-0.12,VC
CSHLECRTFFLTQGA,0.6047,99.1789,6.73,36.17,58.67,0.18,VC
CTVVMTDGSASGRAD,0.674,95.6729,4.21,23.49,52,0.073,VC
CVAWSSSSCHDGKAW,0.6118,96.7119,6.73,80.63,32.67,-0.213,VC
CVCINGTCTVVMTDG,0.7876,97.3028,3.8,8.44,84,1.107,VC
CVCRDNWHGSNRPWV,0.5348,92.3454,8.08,11.53,38.67,-0.927,VC
CVNGSCFTIMTDGPS,0.4616,98.4808,3.8,26.94,45.33,0.4,VC
CVTGDDRNATASFIY,0.6071,97.6466,4.21,-3.81,58.67,-0.087,VC
CYPRYPGVRCICRDN,0.6641,99.4054,8.68,15.73,45.33,-0.7,VC
CYQFALGQGTTLDNK,0.8009,98.4864,5.83,14.43,58.67,-0.447,VC
DATSVILTGNSSLCP,0.4729,92.3593,3.8,36.53,104,0.52,VC
DCMRPCFWVELIRGQ,0.4098,97.704,6.06,22.53,71.33,-0.013,VC
DDKNATASFIYDGRL,0.6929,99.6238,4.43,19.46,65.33,-0.727,VC
DDRNATASFIYDGRL,0.691,99.595,4.43,28.32,65.33,-0.767,VC
DDVWMGRTISKDLRS,0.6118,96.0731,6.04,67.25,71.33,-0.84,VC
DDVWMGRTISKDSRS,0.5972,95.4025,6.04,80.09,45.33,-1.147,VC
DGKAWLHVCITGDDK,0.6067,97.1565,5.3,0.58,78,-0.473,VC
DGKAWLHVCVTGDDR,0.6221,97.5972,5.3,-9.47,71.33,-0.533,VC
DGMGWLTIGISGPDN,0.4032,90.6112,3.56,15.1,78,-0.093,VC
DGSASGRADTRILFI,0.6452,99.1702,5.96,6.49,91.33,0.007,VC
DGTGSCGPVSSNGAN,0.5135,98.6952,3.8,29.75,26,-0.533,VC
DINMEDYSIDSSYVC,0.7427,97.1466,3.37,47.85,71.33,-0.327,VC
DIVAITDWSGYSGSF,0.4722,94.6904,3.56,-1.99,78,0.313,VC
DKNATASFIYDGRLV,0.6841,99.2467,5.96,19.46,84.67,-0.213,VC
DLRSGYETFKVIGGW,0.3436,92.6739,6.07,49.78,71.33,-0.3333,VC
DNGAVAVLKYNGIIT,0.4077,89.2088,5.83,-27.69,130,0.507,VC
DNGDDVWMGRTISKD,0.5682,96.1601,4.14,15.1,45.33,-1.233,VC
DNGVWIGRTKSTSSR,0.5411,91.5806,10.84,24.99,45.33,-1.113,VC
DNNNWSGYSGIFSVE,0.5508,98.4755,3.67,-8.9,45.33,-0.76,VC
DNRSGYSGIFSVEGK,0.501,99.4042,6.07,21.65,45.33,-0.82,VC
DNSIRLSAGGDIWVT,0.8409,90.1419,4.21,6.24,104,-0.013,VC
DNWHGSNRPWVSFDQ,0.5622,94.3934,5.21,24.78,19.33,-1.573,VC
DNWKGSNRPVIDINM,0.5674,92.6457,5.96,22.44,71.33,-0.967,VC
DNWKGSNRPVVDINM,0.5784,94.9686,5.96,12.42,64.67,-0.987,VC
DPGKCYQFALGQGTT,0.7204,98.7747,5.83,-7.01,32.67,-0.6,VC
DPNGWTETDSSFSVR,0.3937,99.1629,4.03,36.04,19.33,-1.213,VC
DQNLDYQIGYICSGV,0.4401,99.2609,3.56,3.67,97.33,-0.147,VC
DRIPHRTLLMNELGV,0.2539,93.2491,6.75,2.39,123.33,-0.227,VC
DRNATASFIYDGRLV,0.6844,99.2468,5.96,28.32,84.67,-0.253,VC
DRSPYRTLMSCPVGE,0.8246,90.8512,6.06,117.64,45.33,-0.72,VC
DSDNRSGYSGIFSVE,0.496,99.4587,4.03,40.15,45.33,-0.82,VC
DSIGSWSQNILRTQE,0.5117,96.5768,4.37,97.8,78,-0.907,VC
DSPASNQVMPCEPII,0.4875,99.5117,3.67,91.36,78,-0.067,VC
DSRSGYETFKVIGGW,0.4128,92.7913,6.07,62.62,45.33,-0.64,VC
DSSFSVRQDIVAITD,0.5109,96.9589,3.93,55.03,97.33,0.027,VC
DSSYVCSGLVGDTPR,0.5189,98.168,4.21,14.31,64.67,-0.24,VC
DTGKVMCVCRDNWHG,0.3715,94.9092,6.73,-20.73,38.67,-0.613,VC
DTIHDRIPHRTLLMN,0.7121,93.0627,6.92,0.59,104,-0.693,VC
DTIKSWRNNILRTQE,0.5369,71.2946,8.75,64.67,78,-1.38,VC
DTRILFIEEGKIVHI,0.5027,92.0969,5.45,75.49,149.33,0.373,VC
DTRILFIKEGKIVHI,0.7107,81.0896,8.6,18.81,149.33,0.347,VC
DTVGWSWPDGAELPF,0.3209,97.7252,3.49,16.87,52,-0.347,VC
DVFVIREPFISCSHL,0.5824,86.8652,5.32,56.75,116.67,0.76,VC
DVWMGRTISKDLRSG,0.623,97.6613,8.75,67.25,71.33,-0.633,VC
DVWMGRTISKDSRSG,0.6082,95.6199,8.75,80.09,45.33,-0.94,VC
DWSGYSGSFVQHPEL,0.5341,94.2216,4.35,13.34,45.33,-0.66,VC
DYQIGYICSGVFGDN,0.5327,91.4328,3.56,3.67,71.33,-0.007,VC
DYSIDSSYVCSGLVG,0.6461,92.5646,3.56,29.35,90.67,0.373,VC
EAPSPYNSRFESVAW,0.3678,96.6056,4.53,89.99,32.67,-0.813,VC
ECACVNGSCFTIMTD,0.4542,98.5565,3.67,72.69,52,0.64,VC
ECDSPASNQVMPCEP,0.4799,99.861,3.57,133.49,26,-0.733,VC
ECRTFFLTQGALLND,0.6763,95.4901,4.37,36.17,84.67,0.067,VC
ECSCYPRYPGVRCIC,0.4069,99.652,7.96,66.76,45.33,-0.053,VC
ECVCINGTCTVVMTD,0.7612,95.9917,3.67,37.73,84,0.9,VC
EDYSIDSSYVCSGLV,0.7159,94.1587,3.49,47.85,90.67,0.167,VC
EECSCYPRYPGVRCI,0.4134,99.8038,6.21,88.49,45.33,-0.453,VC
EEGKIVHISPLSGSA,0.7691,94.3778,4.5,72.67,104,-0.007,VC
EGKIVHISPLSGSAQ,0.6567,94.6157,6.85,50.94,104,-0.007,VC
EGKSCINRCFYVELI,0.5591,98.0999,6.22,47.14,97.33,0.227,VC
EIVYLNNTTIEKEIC,0.7529,83.3975,4.25,47.96,123.33,-0.007,VC
EKGKVTKSIELNAPN,0.7342,97.5519,8.59,28.83,78,-0.993,VC
ELGVPFHLGTRQVCI,0.6257,96.3607,6.84,37.17,116.67,0.533,VC
ELIRGRKQETRVWWT,0.7141,92.7164,10.74,22.28,71.33,-1.267,VC
ELIRGRPQETRVWWT,0.6758,98.6896,9.61,32.17,71.33,-1.113,VC
ELNAPNYHYEECSCY,0.4208,95.1962,4.24,127.43,32.67,-1.093,VC
ENNTWVNQTYVNISN,0.5233,93.6043,4,12.26,64.67,-1.067,VC
ENTIWTSGSSISFCG,0.5271,93.8179,4,6.49,52,0.067,VC
EPFISCSHLECRTFF,0.4559,98.0776,5.4,94.27,52,0.207,VC
EPIIIERNITEIVYL,0.5258,92.8944,4.25,103.98,175.33,0.56,VC
EPYVSCDPGKCYQFA,0.5738,94.1056,4.37,46.06,26,-0.507,VC
ERNITEIVYLNNTTI,0.5269,84.2915,4.53,56.19,123.33,-0.26,VC
ESECACVNGSCFTIM,0.4471,99.2583,3.8,1000.29,52,0.633,VC
ESECVCINGTCTVVM,0.7164,97.1389,3.8,65.33,84,0.893,VC
ESVAWSASACHDGMG,0.4982,95.1235,4.35,73.2,39.33,-0.02,VC
ETCNQSIITYENNTW,0.3795,97.7752,3.8,12.89,52,-0.973,VC
ETDSSFSVRQDIVAI,0.6647,98.4403,4.03,55.03,97.33,0.027,VC
ETFKVIGGWSTPNSK,0.4081,74.2474,8.69,18.33,45.33,-0.64,VC
ETRVWWTSNSIVVFC,0.7079,87.1953,6.09,-6.53,84,0.407,VC
FALGQGTTLDNKHSN,0.6404,98.0847,6.74,19.46,58.67,-0.793,VC
FAPFSKDNSIRLSAG,0.6833,67.1237,8.75,35.01,65.33,-0.153,VC
FCGTSGTYGTGSWPD,0.5128,98.8696,3.8,-23.99,0,-0.487,VC
FDNGDDVWMGRTISK,0.5579,96.6492,4.43,23.33,45.33,-0.813,VC
FDQNLDYQIGYICSG,0.4506,98.9016,3.56,11.9,78,-0.24,VC
FESVAWSASACHDGM,0.5183,94.333,4.35,73.2,39.33,0.193,VC
FFLTQGALLNDKHSN,0.8343,96.3571,6.74,-7.01,84.67,-0.28,VC
FHLGTKQVCVAWSSS,0.4947,88.6286,8.23,35.09,71.33,0.287,VC
FHLGTRQVCIAWSSS,0.4446,88.7201,8.26,37.17,78,0.267,VC
FIEEGKIVHISPLSG,0.6866,93.8033,5.4,101.97,123.33,0.413,VC
FIKEGKIVHISPLSG,0.6869,90.5872,8.6,45.28,123.33,0.387,VC
FISCSHLECRTFFLT,0.6093,98.4943,6.73,68.59,78,0.753,VC
FKVIGGWSTPNSKSQ,0.5499,85.7089,10,22.95,45.33,-0.647,VC
FLMQIAILATTVTLH,0.6801,85.8006,6.74,11.49,162.67,1.607,VC
FLMQIAILVTTVTLH,0.7765,87.7373,6.74,5.83,175.33,1.767,VC
FRYDNGVWIGRTKST,0.5675,79.7415,9.99,10.07,45.33,-0.907,VC
FSFRYDNGVWIGRTK,0.7809,68.19,9.99,10.07,45.33,-0.673,VC
FSKDNSIRLSAGGDI,0.8139,78.9585,5.96,17.56,84.67,-0.313,VC
FSVRQDIVAITDWSG,0.4796,94.9788,4.21,29.35,97.33,0.227,VC
FTIMTDGPSNGQASY,0.528,97.7889,3.8,10.23,32.67,-0.413,VC
FVIREPFISCSHLEC,0.5102,90.9023,5.4,86.04,97.33,0.647,VC
FWVELIRGQPKENTI,0.5338,97.4594,6.14,5.19,97.33,-0.413,VC
FYVELIRGRKQETRV,0.58,72.806,9.98,54.03,90.67,-0.72,VC
FYVELIRGRPQETRV,0.5688,97.0245,8.74,63.93,90.67,-0.567,VC
GANGIKGFSFRYDNG,0.412,94.5672,8.59,-22.59,32.67,-0.713,VC
GAVAVLKYNGIITDT,0.7388,79.4795,5.83,-27.69,130,0.693,VC
GDDKNATASFIYDGR,0.675,99.7184,4.43,19.46,39.33,-1.007,VC
GDDRNATASFIYDGR,0.6726,99.4644,4.43,28.32,39.33,-1.047,VC
GDDVWMGRTISKDLR,0.6047,93.2659,6.04,37.96,71.33,-0.813,VC
GDDVWMGRTISKDSR,0.5925,92.9072,6.04,50.8,45.33,-1.12,VC
GDIWVTREPYVSCDP,0.5443,99.3261,4.03,45.43,64.67,-0.46,VC
GDVFVIREPFISCSH,0.6294,87.5842,5.32,56.75,90.67,0.48,VC
GEAPSPYNSRFESVA,0.3569,98.5895,4.53,84.96,32.67,-0.78,VC
GFAPFSKDNSIRLSA,0.7002,64.8702,8.75,35.01,65.33,-0.153,VC
GFEMIWDPNGWTETD,0.3014,87.4927,3.43,10.36,26,-0.927,VC
GFSFRYDNGVWIGRT,0.8188,70.0562,8.75,10.07,45.33,-0.44,VC
GGDIWVTREPYVSCD,0.5305,99.0196,4.03,53.65,64.67,-0.38,VC
GIISLILQIGNIISI,0.7914,83.961,5.52,61.88,234,1.98,VC
GIITDTIKSWRNNIL,0.5971,81.5043,8.75,38.35,130,-0.04,VC
GIKGFSFRYDNGVWI,0.8154,69.5582,8.59,-6.91,71.33,-0.053,VC
GIRIGSKGDVFVIRE,0.5206,97.2401,8.75,-1.99,116.67,0.187,VC
GISGPDNGAVAVLKY,0.3939,98.4072,5.83,-22.69,104,0.3,VC
GKAWLHVCITGDDKN,0.3632,97.9667,6.74,0.58,78,-0.473,VC
GKAWLHVCVTGDDRN,0.3538,98.7139,6.74,-1.25,71.33,-0.533,VC
GKCYQFALGQGTTLD,0.8122,98.4217,5.83,-7.01,58.67,-0.24,VC
GKIVHISPLSGSAQH,0.6617,95.1954,8.76,50.94,104,0.013,VC
GKSCINRCFYVELIR,0.6018,99.0403,8.9,47.14,97.33,0.16,VC
GKVMCVCRDNWHGSN,0.3727,93.205,8.07,-5.05,38.67,-0.62,VC
GKVTKSIELNAPNYH,0.5186,96.8854,8.51,42.71,78,-0.8,VC
GLDCMRPCFWVELIR,0.3287,99.8514,6.06,28.19,97.33,0.473,VC
GMGWLTIGISGPDNG,0.5364,94.6551,3.8,5.08,78,0.113,VC
GNIISIWVSHSIQTG,0.6101,79.5992,6.74,21.65,123.33,0.48,VC
GNSSLCPISGWAIYS,0.4832,99.3277,5.52,27.56,84.67,0.387,VC
GPDNGAVAVLKYNGI,0.5065,94.1674,5.83,-32.71,104,0.12,VC
GPVSSNGANGIKGFS,0.7039,97.9226,8.75,-7.67,52,-0.213,VC
GQASYKILKIEKGKV,0.773,47.3456,9.83,17.51,104,-0.447,VC
GQDATSVILTGNSSL,0.4443,94.3793,3.8,36.53,104,0.2,VC
GQPKENTIWTSGSSI,0.4225,93.4704,6,19.33,52,-0.833,VC
GRADTRILFIEEGKI,0.4072,93.8116,6.18,46.2,110.67,-0.2,VC
GRTISKDLRSGYETF,0.6786,99.0342,8.59,49.01,52,-0.927,VC
GRTISKDSRSGYETF,0.7007,92.8973,8.59,61.85,26,-1.233,VC
GRTKSTSSRSGFEMI,0.6221,98.9386,10.84,64.31,26,-0.84,VC
GSASGRADTRILFIE,0.6684,99.4187,6.07,35.79,91.33,0.007,VC
GSASGRADTRILFIK,0.684,99.4173,10.84,0.83,91.33,-0.2,VC
GSCFTIMTDGPSNGQ,0.6199,96.4832,3.8,31.97,26,-0.307,VC
GSCGPVSSNGANGIK,0.7112,97.4389,8.22,19.73,52,-0.233,VC
GSFVQHPELTGLDCM,0.3001,99.6011,4.35,35.07,71.33,0.093,VC
GSICMVVGIISLILQ,0.4972,98.2424,5.52,54.32,194.67,2.167,VC
GSKGDVFVIREPFIS,0.6183,89.3446,6.07,29.35,90.67,0.24,VC
GSNRPVIDINMEDYS,0.5116,98.8661,4.03,47.85,71.33,-0.787,VC
GSNRPVVDINMEDYS,0.5038,99.0537,4.03,37.83,64.67,-0.807,VC
GSNRPWVSFDQNLDY,0.6163,99.0562,4.21,22.81,45.33,-1.133,VC
GSSISFCGVNSDTVG,0.533,93.4484,3.8,6.49,64.67,0.407,VC
GSVSLTIATVCFLMQ,0.7709,97.2139,5.52,4.31,123.33,1.507,VC
GSWSQNILRTQESEC,0.4162,92.6758,4.53,139.93,52,-1.04,VC
GTCTVVMTDGSASGR,0.5254,96.2418,5.83,23.49,45.33,0.113,VC
GTGSCGPVSSNGANG,0.6161,98.1867,5.52,19.73,26,-0.347,VC
GTIHDRIPHRTLLMN,0.2651,92.9321,9.61,4.95,104,-0.487,VC
GTKQVCVAWSSSSCH,0.645,89.1881,8.07,91.39,45.33,-0.04,VC
GTRQVCIAWSSSSCH,0.5944,91.3295,8.08,93.47,52,-0.06,VC
GTSGTYGTGSWPDGA,0.6367,99.4063,3.8,-29.65,6.67,-0.747,VC
GVKGWAFDNGDDVWM,0.7375,93.9632,3.93,13.95,45.33,-0.4,VC
GVPFHLGTRQVCIAW,0.3612,94.756,8.26,37.17,97.33,0.573,VC
GVWIGRTKSTSSRSG,0.5156,94.8742,12.01,64.31,45.33,-0.727,VC
GWAFDNGDDVWMGRT,0.6497,93.556,3.93,21.53,26,-0.767,VC
GWAIYSKDNGIRIGS,0.828,88.7239,8.59,-8.14,84.67,-0.34,VC
GWSWPDGAELPFSID,0.5404,98.9485,3.49,32.55,58.67,-0.333,VC
GWTETDSSFSVRQDI,0.6509,98.8763,4.03,71.74,45.33,-0.807,VC
GYETFKVIGGWSTPN,0.5535,75.5649,6,7.65,45.33,-0.44,VC
GYICSGVFGDNPRPN,0.3577,92.6553,5.83,9.57,45.33,-0.5,VC
GYSGSFVQHPELTGL,0.3048,99.6107,5.24,7.68,71.33,-0.133,VC
HDGKAWLHVCITGDD,0.5825,97.1887,5.133,6.24,78,-0.427,VC
HDGKAWLHVCVTGDD,0.5971,97.6785,5.13,-4.45,71.33,-0.447,VC
HDGMGWLTIGISGPD,0.5007,88.1015,4.2,15.1,78,-0.073,VC
HDRIPHRTLLMNELG,0.2528,91.3516,6.92,2.39,104,-0.72,VC
HECDSPASNQVMPCE,0.4594,98.9476,4.13,120.65,26,-0.84,VC
HGSNRPWVSFDQNLD,0.5632,99.239,5.21,15.91,45.33,-1.26,VC
HISPLSGSAQHIEEC,0.5051,98.6532,5.23,177.53,84.67,-0.28,VC
HISPLSGSAQHVEEC,0.5174,99.5896,5.23,118.95,78,-0.3,VC
HLECRTFFLTQGALL,0.667,98.9463,6.74,36.17,110.67,0.573,VC
HLGTKQVCVAWSSSS,0.489,90.8236,8.23,47.93,71.33,0.047,VC
HLGTRQVCIAWSSSS,0.4979,90.4535,8.26,50.01,78,0.027,VC
HRTLLMNELGVPFHL,0.5536,92.7741,6.92,35.01,123.33,0.233,VC
HSNGTIHDRIPHRTL,0.7218,96.0688,9.62,-5.07,78,-1.133,VC
IAILATTVTLHFKQH,0.7959,83.2064,8.76,15.37,136.67,0.756,VC
IAILVTTVTLHFKQH,0.5582,85.4334,8.76,9.71,149.33,0.913,VC
IATVCFLMQIAILAT,0.7246,89.964,5.52,17.15,169.33,2.2,VC
IATVCFLMQIAILVT,0.7252,92.9031,5.52,11.49,182,2.36,VC
IAWSSSSCHDGKAWL,0.4023,97.806,6.73,93.89,65.33,-0.107,VC
ICMVVGIISLILQIG,0.4477,98.7398,5.52,54.32,220.67,2.52,VC
ICRDNWKGSNRPVID,0.5615,92.5896,8.22,22.44,71.33,-0.993,VC
ICRDNWKGSNRPVVD,0.5712,93.9533,8.22,12.42,64.67,-1.013,VC
IDINMEDYSIDSSYV,0.5927,99.5419,3.37,47.85,97.33,-0.193,VC
IDSSYVCSGLVGDTP,0.5286,98.469,3.56,19.33,90.67,0.36,VC
IEEGKIVHISPLSGS,0.5377,95.1002,5.4,101.97,123.33,0.173,VC
IEKGKVTKSIELNAP,0.7511,98.5672,8.5,58.12,104,-0.46,VC
IELNAPNYHYEECSC,0.4228,96.9283,4.24,156.72,58.67,-0.707,VC
IERNITEIVYLNNTT,0.4309,92.4095,4.53,85.48,123.33,-0.26,VC
IGNIISIWVSHSIQT,0.6701,81.2346,6.74,27.31,149.33,0.807,VC
IGSICMVVGIISLIL,0.4889,98.1282,5.52,32.59,220.67,2.7,VC
IGSKGDVFVIREPFI,0.4926,93.3768,6.07,29.35,116.67,0.593,VC
IGSVSLTIATVCFLM,0.6652,97.1544,5.52,9.33,149.33,2.04,VC
IGSWSQNILRTQESE,0.4683,93.1804,4.53,110.64,78,-0.907,VC
IGYICSGVFGDNPRP,0.3631,88.7893,5.83,9.57,71.33,0.033,VC
IHDRIPHRTLLMNEL,0.2564,92.4104,6.92,10.61,130,-0.393,VC
IIERNITEIVYLNNT,0.7248,94.8251,4.53,85.48,149.33,0.089,VC
IIIERNITEIVYLNN,0.4437,92.2981,4.53,91.14,175.33,0.433,VC
IISIWVSHSIQTGNQ,0.7184,82.2807,6.74,-12.67,123.33,0.273,VC
IISLILQIGNIISIW,0.8834,84.329,5.52,67.54,234,1.947,VC
IITDTIKSWRNNILR,0.628,81.6548,10.84,56.85,130,-0.313,VC
IITIGSICMVVGIIS,0.4894,97.855,5.52,19.75,194.67,2.447,VC
IITIGSVSLTIATVC,0.81,98.215,5.52,9.33,175.33,2.027,VC
IITYENNTWVNQTYV,0.5627,94.6004,4,-22.06,90.67,-0.38,VC
IKEGKIVHISPLSGS,0.589,92.4924,8.6,45.28,123.33,0.147,VC
IKGFSFRYDNGVWIG,0.8229,67.7498,8.59,-1.25,71.33,-0.053,VC
IKSWRNNILRTQESE,0.6291,92.8199,8.75,100.37,78,-1.387,VC
ILATTVTLHFKQHEC,0.5485,82.4046,6.91,44.66,104,0.267,VC
ILFIEEGKIVHISPL,0.5206,85.6288,5.4,114.81,175.33,1.047,VC
ILFIKEGKIVHISPL,0.5333,83.0684,8.6,58.12,175.33,1.02,VC
ILKIEKGKVTKSIEL,0.7706,78.6901,9.53,46.8,149.33,0.053,VC
ILQIGNIISIWVSHS,0.7181,90.302,6.74,61.88,175.33,1.107,VC
ILTGNSSLCPISGWA,0.6667,98.9953,5.52,34.74,110.67,0.733,VC
ILVTTVTLHFKQHEC,0.5839,81.6605,6.91,39,116.67,0.427,VC
INGTCTVVMTDGSAS,0.5127,96.9916,3.8,13.47,71.33,0.507,VC
INMEDYSIDSSYVCS,0.7681,96.8928,3.49,47.85,71.33,-0.147,VC
INRCFYVELIRGRKQ,0.7469,86.4042,10.05,41.19,97.33,-0.487,VC
INRCFYVELIRGRPQ,0.4197,96.4358,9.5,51.09,97.33,-0.333,VC
INRQVIVDSDNRSGY,0.7545,95.2951,5.96,37.94,90.67,-0.827,VC
IPHRTLLMNELGVPF,0.5138,92.195,6.75,33.09,123.33,0.387,VC
IREPFISCSHLECRT,0.455,98.1691,6.74,86.04,78,-0.167,VC
IRIGSKGDVFVIREP,0.4386,97.0113,8.75,16.51,116.67,0.107,VC
IRLSAGGDIWVTREP,0.6447,94.652,6.07,19.08,104,-0.133,VC
ISCSHLECRTFFLTQ,0.6066,98.9059,6.73,63.56,78,0.333,VC
ISFCGVNSDTVGWSW,0.3898,99.2406,3.8,1.88,64.67,0.367,VC
ISGPDNGAVAVLKYN,0.3777,98.5439,5.83,-17.03,104,0.093,VC
ISGWAIYSKDNGIRI,0.8066,82.7381,8.59,-8.14,110.67,-0.013,VC
ISIWVSHSIQTGNQN,0.4832,88.7582,6.74,-12.67,97.33,-0.26,VC
ISLILQIGNIISIWV,0.8878,80.7349,5.52,61.88,227.33,1.927,VC
ISNTNVVAGQDATSV,0.4979,93.3258,3.8,6.49,97.33,0.22,VC
ISPLSGSAQHIEECS,0.4816,99.4229,4.51,148.24,84.67,-0.12,VC
ISPLSGSAQHVEECS,0.4967,99.8343,4.51,89.65,78,-0.14,VC
ITDTIKSWRNNILRT,0.6452,74.9933,10.84,56.85,104,-0.66,VC
ITDWSGYSGSFVQHP,0.5259,94.2533,5.08,1.75,45.33,-0.427,VC
ITEIVYLNNTTIEKE,0.6795,76.1493,4.25,47.96,123.33,-0.22,VC
ITGDDKNATASFIYD,0.3705,98.9504,3.93,13.8,65.33,-0.427,VC
ITGFAPFSKDNSIRL,0.8131,57.7342,8.75,29.35,84.67,0.033,VC
ITIGSICMVVGIISL,0.4573,98.4645,5.52,19.75,194.67,2.4,VC
ITIGSVSLTIATVCF,0.5019,97.331,5.52,9.33,149.33,1.913,VC
ITYENNTWVNQTYVN,0.5427,96.5162,4,-22.06,64.67,-0.913,VC
IVAITDWSGYSGSFV,0.4743,93.1289,3.8,-1.99,97.33,0.827,VC
IVHISPLSGSAQHIE,0.6134,98.9669,5.98,120.85,130,0.367,VC
IVHISPLSGSAQHVE,0.6149,98.9627,5.98,62.26,123.33,0.347,VC
IVVFCGTSGTYGTGS,0.5072,96.014,5.52,-24.63,64.67,0.773,VC
IVYLNNTTIEKEICP,0.7065,84.6752,4.53,47.96,123.33,0.12,VC
IWDPNGWTETDSSFS,0.3829,99.7046,3.49,36.04,26,-0.953,VC
IWTSGSSISFCGVNS,0.5329,96.075,5.52,12.15,71.33,0.573,VC
IWVSHSIQTGNQNHP,0.4321,90.1753,6.92,-14.59,71.33,-0.827,VC
IYSKDNGIRIGSKGD,0.7432,90.3767,8.5,-12.01,78,-0.893,VC
KAWLHVCITGDDKNA,0.3713,97.9347,6.74,6.24,84.67,-0.327,VC
KAWLHVCVTGDDRNA,0.3606,99.1813,6.74,4.41,78,-0.387,VC
KCYQFALGQGTTLDN,0.8076,98.6047,5.83,-1.35,58.67,-0.447,VC
KDNSIRLSAGGDIWV,0.8415,88.4962,5.96,11.9,104,-0.227,VC
KDRSPYRTLMSCPVG,0.8102,91.0269,9.31,122.67,45.33,-0.747,VC
KEGKIVHISPLSGSA,0.7685,94.3433,8.6,50.94,104,-0.033,VC
KENTIWTSGSSISFC,0.6079,94.3297,5.99,6.49,52,-0.167,VC
KGDVFVIREPFISCS,0.6186,88.0085,6.06,51.09,90.67,0.433,VC
KGFSFRYDNGVWIGR,0.8237,69.1147,9.99,4.41,45.33,-0.653,VC
KGKVTKSIELNAPNY,0.5283,96.7154,9.53,28.83,78,-0.847,VC
KGSNRPVIDINMEDY,0.3754,98.7935,4.56,42.19,71.33,-0.993,VC
KGSNRPVVDINMEDY,0.5171,98.9152,4.56,32.17,64.67,-1.013,VC
KGWAFDNGDDVWMGR,0.6978,93.9839,4.43,15.87,26,-0.98,VC
KHSNGTIHDRIPHRT,0.6832,94.6283,10.84,-5.07,52,-1.647,VC
KIEKGKVTKSIELNA,0.7752,98.6125,9.53,39.62,104,-0.613,VC
KIITIGSICMVVGII,0.5296,97.663,8.22,14.09,194.67,2.24,VC
KIITIGSVSLTIATV,0.5245,98.0425,8.75,3.67,175.33,1.6,VC
KILKIEKGKVTKSIE,0.5728,76.8497,9.83,41.14,123.33,-0.46,VC
KIVHISPLSGSAQHI,0.6203,99.1634,8.76,85.89,130,0.34,VC
KIVHISPLSGSAQHV,0.6204,99.1251,8.76,56.6,123.33,0.32,VC
KNATASFIYDGRLVD,0.6604,97.4281,5.96,15.1,84.67,-0.213,VC
KPQCQITGFAPFSKD,0.8214,86.5634,8.2,27.11,32.67,-0.6,VC
KQETRVWWTSNSIVV,0.7541,87.9712,8.75,22.28,84,-0.44,VC
KQVCVAWSSSSCHDG,0.6159,91.1089,6.73,97.05,45.33,-0.227,VC
KSCINRCFYVELIRG,0.5926,99.5803,8.9,47.14,97.33,0.16,VC
KSIELNAPNYHYEEC,0.5363,98.4414,4.75,134.99,58.67,-1.133,VC
KSQINRQVIVDSDNR,0.6925,95.7022,8.75,27.15,90.67,-1.207,VC
KSQVNRQVIVDNNNW,0.5798,85.3438,8.75,2.37,84,-1.167,VC
KSTSSRSGFEMIWDP,0.484,98.8765,6.07,64.31,26,-0.867,VC
KSWRNNILRTQESEC,0.5892,93.8148,8.22,135.32,52,-1.52,VC
KVMCVCRDNWHGSNR,0.3666,93.1093,8.96,0.61,38.67,-0.893,VC
KVTKSIELNAPNYHY,0.7992,96.8437,8.44,77.67,78,-0.86,VC
KYNGIITDTIKSWRN,0.4908,86.1717,9.7,-13.8,78,-0.94,VC
LATTVTLHFKQHECD,0.5358,86.7828,5.99,44.66,78,-0.267,VC
LCPISGWAIYSKDNG,0.5775,91.2634,5.83,10.36,84.67,0,VC
LDCMRPCFWVELIRG,0.3391,99.5438,6.06,22.53,97.33,0.473,VC
LDYQIGYICSGVFGD,0.5522,95.05,3.56,3.67,97.33,0.48,VC
LECRTFFLTQGALLN,0.6846,96.9218,5.66,36.17,110.67,0.553,VC
LFIEEGKIVHISPLS,0.508,92.73,5.4,101.97,149.33,0.693,VC
LFIKEGKIVHISPLS,0.516,90.4915,8.6,45.28,149.33,0.667,VC
LGTKQVCVAWSSSSC,0.3833,91.7609,8.06,69.66,71.33,0.427,VC
LGTRQVCIAWSSSSC,0.3939,91.6511,8.07,71.74,78,0.407,VC
LGVPFHLGTRQVCIA,0.6131,95.679,8.26,37.17,123.33,0.887,VC
LILQIGNIISIWVSH,0.8582,80.8168,6.74,61.88,201.33,1.413,VC
LIRGRKQETRVWWTS,0.6774,93.6909,11.71,22.28,71.33,-1.087,VC
LKIEKGKVTKSIELN,0.7815,90.8181,9.53,33.96,123.33,-0.48,VC
LKYNGIITDTIKSWR,0.5025,87.3768,9.7,-27.69,104,-0.453,VC
LMQIAILATTVTLHF,0.6686,90.5278,6.74,4.57,162.67,1.607,VC
LMQIAILVTTVTLHF,0.7866,86.4556,6.74,-1.09,175.33,1.767,VC
LQIGNIISIWVSHSI,0.745,87.0887,6.74,49.04,175.33,1.107,VC
LRSGYETFKVIGGWS,0.433,88.033,8.59,49.78,71.33,-0.153,VC
LSAGGDIWVTREPYV,0.4146,98.9754,4.37,19.08,97.33,0.06,VC
LSGSAQHVEECSCYP,0.4474,99.5553,4.51,90.32,52,-0.307,VC
LTGLDCMRPCFWVEL,0.4984,99.6676,4.37,22.53,97.33,0.68,VC
LTGNSSLCPISGWAI,0.6347,99.519,5.52,21.9,110.67,0.733,VC
LTIATVCFLMQIAIL,0.7178,98.6465,5.52,17.15,188.67,2.333,VC
LVDSIGSWSQNILRT,0.4645,94.857,5.84,79.97,123.33,0.093,VC
LVTTVTLHFKQHECD,0.6817,86.2806,5.99,39,90.67,-0.107,VC
MEDYSIDSSYVCSGL,0.7585,95.2416,3.49,47.85,71.33,0.013,VC
MGRTISKDLRSGYET,0.6851,98.5061,8.34,40.78,52,-0.987,VC
MGRTISKDSRSGYET,0.6954,94.8516,8.34,53.62,26,-1.293,VC
MGWLTIGISGPDNGA,0.5135,95.5679,3.8,-0.58,84.67,0.26,VC
MIWDPNGWTETDSSF,0.3792,98.8624,3.49,36.04,26,-0.773,VC
MNELGVPFHLGTRQV,0.3423,97.9881,6.5,37.17,90.67,-0.04,VC
MNPNQKIITIGSICM,0.46,96.5954,7.98,18.46,104,0.427,VC
MNPNQKIITIGSVSL,0.5678,96.6599,8.5,-3.27,123.33,0.313,VC
MPCEPIIIERNITEI,0.5749,97.6751,4.25,138.93,130,0.3,VC
MQIAILATTVTLHFK,0.6575,87.4011,8.52,-5.45,136.67,1.093,VC
MQIAILVTTVTLHFK,0.7882,83.5138,8.52,-11.11,149.33,1.253,VC
MRPCFWVELIRGQPK,0.4015,97.7195,9.5,13.64,71.33,-0.313,VC
MVVGIISLILQIGNI,0.402,89.2403,5.28,56.22,220.67,2.12,VC
NATASFIYDGRLVDS,0.5604,96.2055,4.21,27.94,84.67,-0.007,VC
NDGTGSCGPVSSNGA,0.5221,98.9884,3.8,29.75,26,-0.553,VC
NDTIHDRIPHRTLLM,0.2656,97.2525,6.92,0.59,104,-0.693,VC
NELGVPFHLGTRQVC,0.3744,96.7951,6.74,37.17,90.67,0,VC
NGANGIKGFSFRYDN,0.5765,97.2706,8.59,-22.59,32.67,-0.92,VC
NGAVAVLKYNGIITD,0.7296,83.5055,5.83,-27.69,130,0.507,VC
NGDDVWMGRTISKDL,0.5829,94.9815,4.43,15.1,71.33,-0.747,VC
NGDDVWMGRTISKDS,0.5732,94.9744,4.43,27.94,45.33,-1.053,VC
NGIITDTIKSWRNNI,0.5104,81.5633,8.75,15.49,104,-0.527,VC
NGIKGFSFRYDNGVW,0.6168,85.348,8.59,-16.93,45.33,-0.587,VC
NGIRIGSKGDVFVIR,0.5289,97.4806,10.84,-12.01,116.67,0.187,VC
NGQASYKILKIEKGK,0.7504,57.9959,9.83,13.15,84.67,-0.96,VC
NGSCFTIMTDGPSNG,0.6034,95.8689,3.8,21.95,26,-0.307,VC
NGTCTVVMTDGSASG,0.531,96.7256,3.8,13.47,45.33,0.18,VC
NGTIHDRIPHRTLLM,0.2592,97.1032,9.61,-5.07,104,-0.487,VC
NGVWIGRTKSTSSRS,0.5257,92.0679,12.01,54.29,45.33,-0.933,VC
NGWTETDSSFSVRQD,0.3689,98.8626,4.03,61.72,19.33,-1.34,VC
NIISIWVSHSIQTGN,0.5851,78.9841,6.74,21.65,123.33,0.273,VC
NISNTNVVAGQDATS,0.3742,92.0004,3.8,35.79,78,-0.293,VC
NITEIVYLNNTTIEK,0.7263,75.8892,4.53,77.25,123.33,-0.22,VC
NLDYQIGYICSGVFG,0.5368,96.5644,3.8,3.67,97.33,0.48,VC
NMEDYSIDSSYVCSG,0.7516,96.0452,3.49,47.85,45.33,-0.473,VC
NNILRTQESECACVN,0.5824,97.7134,4.53,151.36,78,-0.513,VC
NNNWSGYSGIFSVEG,0.4487,98.0352,4,-8.9,45.33,-0.553,VC
NNTWVNQTYVNISNT,0.5557,92.4454,5.52,6.6,64.67,-0.88,VC
NNWSGYSGIFSVEGK,0.4473,96.1971,6,-14.56,45.33,-0.58,VC
NPGVKGWAFDNGDDV,0.6422,93.9033,3.93,-3.75,45.33,-0.807,VC
NPNQKIITIGSICMV,0.4797,98.7466,8.22,18.46,123.33,0.58,VC
NPNQKIITIGSVSLT,0.5788,98.2556,8.75,-3.27,123.33,0.14,VC
NQGVKGWAFDNGDDV,0.6438,93.6763,3.93,-6.86,45.33,-0.933,VC
NQKIITIGSICMVVG,0.5137,98.038,8.22,14.72,142.67,1.173,VC
NQKIITIGSVSLTIA,0.5273,97.0477,8.75,-1.35,156,0.9,VC
NQSIITYENNTWVNQ,0.3778,91.2332,4,2.21,71.33,-1.047,VC
NQTYVNISNTNVVAG,0.6652,77.4356,5.52,17.92,90.67,-0.167,VC
NQVMPCEPIIIERNI,0.5631,99.4457,4.53,103.2,123.33,0.093,VC
NRCFYVELIRGRKQE,0.5361,85.4712,9.31,54.03,71.33,-1.02,VC
NRCFYVELIRGRPQE,0.5853,96.7335,8.22,63.93,71.33,-0.867,VC
NRPVIDINMEDYSID,0.4418,98.258,3.84,47.85,97.33,-0.64,VC
NRPVVDINMEDYSID,0.51,98.0692,3.84,37.83,90.67,-0.66,VC
NRPWVSFDQNLDYQI,0.5334,97.2458,4.21,22.82,71.33,-0.987,VC
NRQVIVDNNNWSGYS,0.7024,72.6123,5.84,-11.11,64.67,-1.12,VC
NRQVIVDSDNRSGYS,0.7813,97.205,5.96,37.94,64.67,-1.18,VC
NRSGYSGIFSVEGKS,0.5036,98.5574,8.59,21.65,45.33,-0.64,VC
NSIRLSAGGDIWVTR,0.8301,90.6647,9.6,6.24,104,-0.08,VC
NSIVVFCGTSGTYGT,0.3836,95.1445,5.52,-18.97,64.67,0.567,VC
NSKSQINRQVIVDSD,0.6777,97.8323,5.96,27.15,90.67,-0.96,VC
NSKSQVNRQVIVDNN,0.567,97.2423,8.75,9.28,84,-1.16,VC
NSRFESVAWSASACH,0.4839,92.8818,6.74,86.04,39.33,-0.26,VC
NSSLCPISGWAIYSK,0.6503,98.6607,8.2,33.22,84.67,0.153,VC
NTIWTSGSSISFCGV,0.5365,95.2414,5.52,6.49,71.33,0.58,VC
NTNVVAGQDATSVIL,0.4945,93.4421,3.8,19.33,123.33,0.527,VC
NTWVNQTYVNISNTN,0.5766,84.7227,5.52,-3.42,64.67,-0.88,VC
NVVAGQDATSVILTG,0.5087,98.9496,3.8,29.35,123.33,0.733,VC
NWKGSNRPVIDINME,0.5151,91.8241,6.07,22.44,71.33,-0.967,VC
NWKGSNRPVVDINME,0.5226,93.7773,6.07,12.42,64.67,-0.987,VC
NWSGYSGIFSVEGKS,0.448,95.6203,6,-14.56,45.33,-0.4,VC
NWSKPQCQITGFAPF,0.4968,98.9408,8.22,20.2,32.67,-0.4,VC
PASNQVMPCEPIIIE,0.7571,99.5095,3.8,78.52,104,0.287,VC
PCEPIIIERNITEIV,0.5918,95.6209,4.25,103.98,149.33,0.453,VC
PCFWVELIRGQPKEN,0.3272,98.0576,6.52,5.83,71.33,-0.607,VC
PDNGAVAVLKYNGII,0.3845,92.2574,6.26,-32.71,130,0.447,VC
PFHLGTKQVCVAWSS,0.491,82.2523,8.64,35.09,71.33,0.233,VC
PFHLGTRQVCIAWSS,0.522,83.9267,8.68,37.17,78,0.213,VC
PFISCSHLECRTFFL,0.5979,98.3545,7.09,81.43,78,0.693,VC
PFSKDNSIRLSAGGD,0.7509,82.5611,6.38,30.4,58.67,-0.72,VC
PGKCYQFALGQGTTL,0.804,98.4683,8.6,-7.01,58.67,-0.113,VC
PGVKGWAFDNGDDVW,0.702,94.1049,3.93,-1.83,45.33,-0.633,VC
PHRTLLMNELGVPFH,0.4937,92.4422,7.33,35.01,97.33,-0.127,VC
PIIIERNITEIVYLN,0.5059,93.3506,4.53,91.14,175.33,0.56,VC
PISGWAIYSKDNGIR,0.3587,88.0438,9,-8.14,84.67,-0.42,VC
PKENTIWTSGSSISF,0.6538,95.3948,6.43,6.49,52,-0.44,VC
PLSGSAQHIEECSCY,0.4498,99.4899,4.51,140.68,58.67,-0.287,VC
PLSGSAQHVEECSCY,0.4664,99.5949,4.51,82.09,52,-0.307,VC
PNDGTGSCGPVSSNG,0.5191,98.9461,3.8,35.41,19.33,-0.78,VC
PNGWTETDSSFSVRQ,0.3852,98.6003,4.37,48.88,19.33,-1.213,VC
PNQKIITIGSICMVV,0.509,98.8095,8.64,20.38,142.67,1.093,VC
PNQKIITIGSVSLTI,0.5122,97.7821,9.18,-1.35,149.33,0.673,VC
PNSKSQINRQVIVDS,0.6567,98.4604,9.18,27.15,90.67,-0.833,VC
PNSKSQVNRQVIVDN,0.5376,98.8387,9.18,9.28,84,-1.033,VC
PQCQITGFAPFSKDN,0.72,87.5638,6.22,32.14,32.67,-0.573,VC
PQETRVWWTSNSIVV,0.7547,87.9635,6.43,19.33,84,-0.287,VC
PRPNDGTGSCGPVSS,0.6438,99.1036,6.22,53.24,19.33,-0.927,VC
PRYPGVRCICRDNWK,0.5704,99.3629,9.53,0.59,45.33,-1.1,VC
PSNGQASYKILKIEK,0.4593,90.4525,9.56,37.31,84.67,-0.833,VC
PSPYNSRFESVAWSA,0.4674,94.904,6.43,77.15,32.67,-0.633,VC
PVIDINMEDYSIDSS,0.4688,99.6591,3.37,60.69,97.33,-0.213,VC
PVSSNGANGIKGFSF,0.6495,98.1208,9.18,-7.67,52,0,VC
PVVDINMEDYSIDSS,0.4587,99.7938,3.37,50.67,90.67,-0.233,VC
PWVSFDQNLDYQIGY,0.5268,96.8091,3.56,4.32,71.33,-0.567,VC
PYNSRFESVAWSASA,0.6093,96.7687,6.43,35.01,39.33,-0.407,VC
PYRTLMSCPVGEAPS,0.565,89.9126,6.38,89.76,52,-0.173,VC
PYVSCDPGKCYQFAL,0.5313,94.7933,6.17,33.22,52,-0.02,VC
QASYKILKIEKGKVT,0.7898,43.7825,9.83,11.85,104,-0.467,VC
QCQITGFAPFSKDNS,0.7027,84.84,5.83,19.3,32.67,-0.52,VC
QDATSVILTGNSSLC,0.4647,91.8408,3.8,36.53,104,0.393,VC
QDIVAITDWSGYSGS,0.4668,94.9319,3.56,10.85,78,-0.107,VC
QESECACVNGSCFTI,0.4095,99.4896,3.79,113.13,52,0.273,VC
QESECVCINGTCTVV,0.8006,97.7077,3.79,78.17,84,0.533,VC
QETRVWWTSNSIVVF,0.7565,87.8368,6,6.49,84,0.007,VC
QFALGQGTTLDNKHS,0.7691,98.9602,6.74,14.43,58.67,-0.793,VC
QGVKGWAFDNGDDVW,0.7037,93.9476,3.93,-1.83,45.33,-0.76,VC
QHECDSPASNQVMPC,0.4436,97.9046,4.35,120.65,26,-0.84,VC
QIAILATTVTLHFKQ,0.8142,87.0065,8.76,15.37,136.67,0.733,VC
QIAILVTTVTLHFKQ,0.7759,83.7964,8.76,9.71,149.33,0.893,VC
QIGNIISIWVSHSIQ,0.6547,83.0649,6.74,27.31,149.33,0.62,VC
QIGYICSGVFGDNPR,0.5064,86.6014,5.83,-3.27,71.33,-0.093,VC
QINRQVIVDSDNRSG,0.6904,97.0633,5.96,43.6,90.67,-0.973,VC
QITGFAPFSKDNSIR,0.6723,69.206,8.75,29.35,58.67,-0.453,VC
QKIITIGSICMVVGI,0.5067,98.0689,8.22,14.09,168.67,1.707,VC
QKIITIGSVSLTIAT,0.5149,97.3343,8.75,3.67,156,1.087,VC
QNILRTQESECVCIN,0.559,98.1838,4.53,122.07,97.33,-0.333,VC
QNLDYQIGYICSGVF,0.5121,97.1677,3.8,3.67,97.33,0.273,VC
QPKENTIWTSGSSIS,0.4499,94.3814,6,19.33,52,-0.86,VC
QSIITYENNTWVNQT,0.377,92.2167,4,7.23,71.33,-0.86,VC
QTYVNISNTNVVAGQ,0.734,78.6833,5.52,22.95,90.67,-0.167,VC
QVCIAWSSSSCHDGK,0.5996,97.9907,6.73,80.63,52,-0.207,VC
QVCVAWSSSSCHDGK,0.6201,97.6512,6.73,75.61,45.33,-0.227,VC
QVIVDNNNWSGYSGI,0.5565,84.7598,3.8,-29.61,90.67,-0.313,VC
QVIVDSDNRSGYSGI,0.7514,96.9718,4.21,19.44,90.67,-0.373,VC
QVMPCEPIIIERNIT,0.5839,98.9119,4.53,108.23,123.33,0.28,VC
QVNRQVIVDNNNWSG,0.6532,74.9151,5.84,-10.47,84,-0.933,VC
RADTRILFIEEGKIV,0.5383,93.8577,6.18,40.54,130,0.107,VC
RADTRILFIKEGKIV,0.6429,85.6558,9.99,-16.15,130,0.08,VC
RCFYVELIRGRKQET,0.6051,83.0399,9.31,54.03,71.33,-0.833,VC
RCFYVELIRGRPQET,0.5737,97.702,8.22,63.93,71.33,-0.68,VC
RDNWHGSNRPWVSFD,0.5891,93.9746,6.75,24.78,19.33,-1.64,VC
RDNWKGSNRPVIDIN,0.5857,94.5081,8.75,22.44,71.33,-1.393,VC
RDNWKGSNRPVVDIN,0.5967,95.2956,8.75,12.42,64.67,-1.413,VC
REPFISCSHLECRTF,0.4636,97.9947,6.74,94.27,52,-0.28,VC
REPYVSCDPGKCYQF,0.5881,94.1219,6.05,46.06,19.33,-0.927,VC
RFESVAWSASACHDG,0.5183,95.1162,5.32,73.2,39.33,-0.233,VC
RIGSKGDVFVIREPF,0.5184,97.7469,8.75,29.35,90.67,-0.007,VC
RILFIEEGKIVHISP,0.5172,90.8634,6.76,114.81,149.33,0.493,VC
RILFIKEGKIVHISP,0.5314,83.537,9.99,58.12,149.33,0.467,VC
RIPHRTLLMNELGVP,0.357,92.845,9.61,20.25,123.33,-0.1,VC
RKQETRVWWTSNSIV,0.6874,89.9362,10.84,22.28,64.67,-1.02,VC
RLSAGGDIWVTREPY,0.4333,99.3176,6.07,19.08,78,-0.52,VC
RLVDSIGSWSQNILR,0.4582,98.9769,9.6,79.97,123.33,-0.16,VC
RNATASFIYDGRLVD,0.6599,97.4281,5.96,23.33,84.67,-0.253,VC
RNITEIVYLNNTTIE,0.8082,76.9809,4.53,85.48,123.33,-0.26,VC
RNNILRTQESECACV,0.5891,97.9528,6.13,159.59,78,-0.58,VC
RPCFWVELIRGQPKE,0.5276,97.7805,8.22,18.67,71.33,-0.673,VC
RPNDGTGSCGPVSSN,0.5174,98.4688,5.83,58.27,19.33,-1.053,VC
RPQETRVWWTSNSIV,0.6876,89.9389,9.6,32.17,64.67,-0.867,VC
RPVIDINMEDYSIDS,0.4364,96.199,3.84,60.69,97.33,-0.46,VC
RPVVDINMEDYSIDS,0.4204,95.396,3.84,50.67,90.67,-0.48,VC
RPWVSFDQNLDYQIG,0.525,96.8126,4.21,22.82,71.33,-0.78,VC
RQDIVAITDWSGYSG,0.4126,94.5579,4.21,23.69,78,-0.353,VC
RQVCIAWSSSSCHDG,0.3843,91.1264,6.73,99.13,52,-0.247,VC
RQVIVDNNNWSGYSG,0.6902,79.5209,5.84,-11.11,64.67,-0.913,VC
RQVIVDSDNRSGYSG,0.7762,97.4747,5.96,37.94,64.67,-0.973,VC
RSGFEMIWDPNGWTE,0.3068,92.4724,4.14,39.65,26,-1,VC
RSGYETFKVIGGWST,0.5359,75.7219,8.59,36.94,45.33,-0.453,VC
RSGYSGIFSVEGKSC,0.5034,98.1241,8.2,43.38,45.33,-0.24,VC
RSPYRTLMSCPVGEA,0.8413,88.9096,8.22,122.67,52,-0.367,VC
RTFFLTQGALLNDKH,0.6836,93.9185,8.75,1.21,84.67,-0.34,VC
RTISKDLRSGYETFK,0.6555,99.3291,9.7,38.99,52,-1.16,VC
RTISKDSRSGYETFK,0.6693,95.7554,9.7,51.83,26,-1.467,VC
RTKSTSSRSGFEMIW,0.633,99.1063,10.84,64.31,26,-0.873,VC
RTLLMNELGVPFHLG,0.5368,92.9726,6.75,35,123.33,0.42,VC
RTLMSCPVGEAPSPY,0.4543,99.7912,5.99,130.33,52,-0.173,VC
RTQESECVCINGTCT,0.3942,97.8171,4.53,73.15,45.33,-0.373,VC
RVWWTSNSIVVFCGT,0.7174,91.1203,8.25,-12.01,84,0.613,VC
RYDNGVWIGRTKSTS,0.5878,92.3314,9.99,10.07,45.33,-1.147,VC
RYPGVRCICRDNWKG,0.3556,99.543,9.5,-0.04,45.33,-1.02,VC
SACHDGMGWLTIGIS,0.3046,93.5113,5.06,71.15,84.67,0.527,VC
SAGGDIWVTREPYVS,0.3539,98.8372,4.37,19.08,71.33,-0.247,VC
SASGRADTRILFIEE,0.6698,99.68,4.68,57.52,91.33,-0.2,VC
SASGRADTRILFIKE,0.6854,99.6696,8.46,0.83,91.33,-0.227,VC
SCFTIMTDGPSNGQA,0.61,96.9811,3.8,31.97,32.67,-0.16,VC
SCGPVSSNGANGIKG,0.7093,97.7772,7.94,14.07,52,-0.233,VC
SCINRCFYVELIRGR,0.4004,96.9598,8.94,47.14,97.33,0.12,VC
SCSHLECRTFFLTQG,0.6078,99.3329,6.46,63.56,52,0.007,VC
SCYPRYPGVRCICRD,0.6661,99.5094,8.65,37.47,45.33,-0.52,VC
SDNRSGYSGIFSVEG,0.5137,99.5346,4.37,27.31,45.33,-0.613,VC
SDTVGWSWPDGAELP,0.3079,98.0686,3.49,4.03,52,-0.587,VC
SECACVNGSCFTIMT,0.4459,99.1275,4,85.53,52,0.82,VC
SECVCINGTCTVVMT,0.7619,95.9688,4,50.57,84,1.08,VC
SFCGVNSDTVGWSWP,0.3657,99.2788,3.8,1.88,38.67,-0.04,VC
SFDQNLDYQIGYICS,0.4668,98.4553,3.56,11.9,78,-0.267,VC
SFIYDGRLVDSIGSW,0.5405,96.1879,4.21,27.94,97.33,0.193,VC
SFRYDNGVWIGRTKS,0.732,73.0919,9.98,10.07,45.33,-0.913,VC
SFSVRQDIVAITDWS,0.4818,97.8375,4.21,29.35,97.33,0.2,VC
SFVQHPELTGLDCMR,0.2978,99.6258,5.3,30.05,71.33,-0.18,VC
SGFEMIWDPNGWTET,0.3073,91.0202,3.57,10.36,26,-0.747,VC
SGPDNGAVAVLKYNG,0.4951,98.2669,5.55,-27.05,78,-0.233,VC
SGRADTRILFIEEGK,0.5425,99.4642,5.9,51.86,84.67,-0.553,VC
SGRADTRILFIKEGK,0.5631,94.7137,9.98,-4.83,84.67,-0.58,VC
SGSSISFCGVNSDTV,0.4438,94.5587,3.8,12.15,64.67,0.38,VC
SGWAIYSKDNGIRIG,0.827,85.7937,8.31,-8.14,84.67,-0.34,VC
SGYETFKVIGGWSTP,0.4658,76.9082,5.72,7.65,45.33,-0.26,VC
SGYSGSFVQHPELTG,0.4122,99.6822,5.22,7.68,45.33,-0.44,VC
SHLECRTFFLTQGAL,0.5028,98.8506,6.46,36.17,84.67,0.267,VC
SICMVVGIISLILQI,0.487,98.6456,5.24,54.32,220.67,2.493,VC
SIDSSYVCSGLVGDT,0.6475,98.2465,3.56,19.33,90.67,0.413,VC
SIELNAPNYHYEECS,0.6835,99.0648,4.24,134.99,58.67,-0.927,VC
SIGSWSQNILRTQES,0.501,95.4063,5.72,97.8,78,-0.727,VC
SIITYENNTWVNQTY,0.3668,93.1694,4,-22.06,71.33,-0.713,VC
SIRLSAGGDIWVTRE,0.6506,91.8736,5.79,6.24,104,-0.08,VC
SISFCGVNSDTVGWS,0.4021,98.9584,3.8,1.88,64.67,0.373,VC
SIVVFCGTSGTYGTG,0.3805,95.937,5.24,-24.63,64.67,0.773,VC
SIWVSHSIQTGNQNH,0.704,92.8471,6.66,-12.67,71.33,-0.773,VC
SKDNSIRLSAGGDIW,0.8212,89.2583,5.68,17.56,84.67,-0.56,VC
SKGDVFVIREPFISC,0.5665,88.3792,5.79,51.09,90.67,0.433,VC
SKPQCQITGFAPFSK,0.8417,85.8832,9.3,27.11,32.67,-0.42,VC
SKSQINRQVIVDSDN,0.688,96.8243,5.68,27.15,90.67,-0.96,VC
SKSQVNRQVIVDNNN,0.5795,95.1333,8.46,9.28,84,-1.16,VC
SLCPISGWAIYSKDN,0.5904,94.4968,5.55,20.38,84.67,-0.027,VC
SLILQIGNIISIWVS,0.8774,76.9188,5.24,61.88,201.33,1.573,VC
SLTIATVCFLMQIAI,0.5499,97.2998,5.24,4.31,162.67,2.027,VC
SNDTIHDRIPHRTLL,0.2352,97.2996,6.66,0.59,104,-0.873,VC
SNGANGIKGFSFRYD,0.359,96.2037,8.31,-22.59,32.67,-0.74,VC
SNGQASYKILKIEKG,0.6827,57.8672,9.52,18.81,84.67,-0.753,VC
SNGTIHDRIPHRTLL,0.7333,96.7632,9.36,-5.07,104,-0.667,VC
SNQVMPCEPIIIERN,0.7448,99.0897,4.53,73.91,97.33,-0.26,VC
SNRPVIDINMEDYSI,0.5087,98.8509,4.03,47.85,97.33,-0.46,VC
SNRPVVDINMEDYSI,0.5003,98.9995,4.03,37.83,90.67,-0.48,VC
SNRPWVSFDQNLDYQ,0.4944,98.4942,4.21,22.82,45.33,-1.34,VC
SNSIVVFCGTSGTYG,0.5139,93.887,5.24,-13.31,64.67,0.56,VC
SNTNVVAGQDATSVI,0.6507,93.0435,3.8,6.49,97.33,0.22,VC
SPASNQVMPCEPIII,0.7391,99.7097,4,78.52,104,0.467,VC
SPLSGSAQHIEECSC,0.4647,99.4646,4.51,169.97,58.67,-0.253,VC
SPLSGSAQHVEECSC,0.4808,99.6509,4.51,111.39,52,-0.273,VC
SPYNSRFESVAWSAS,0.5901,96.4899,5.72,64.31,32.67,-0.58,VC
SPYRTLMSCPVGEAP,0.8201,90.6884,5.72,106.21,52,-0.173,VC
SQINRQVIVDSDNRS,0.4602,95.9688,5.68,56.44,90.67,-1,VC
SQNILRTQESECVCI,0.5564,98.1695,4.53,134.91,97.33,-0.153,VC
SQVNRQVIVDNNNWS,0.3688,76.7695,5.55,2.37,84,-0.96,VC
SRFESVAWSASACHD,0.5016,89.6072,5.3,86.04,39.33,-0.26,VC
SRSGFEMIWDPNGWT,0.3065,93.2853,4.37,39.65,26,-0.82,VC
SRSGYETFKVIGGWS,0.4325,88.0333,8.31,49.78,45.33,-0.46,VC
SSCHDGKAWLHVCIT,0.3198,97.4142,6.65,68.21,78,0.127,VC
SSCHDGKAWLHVCVT,0.3173,97.8607,6.65,57.52,71.33,0.107,VC
SSFSVRQDIVAITDW,0.4626,97.2559,4.21,42.19,97.33,0.2,VC
SSISFCGVNSDTVGW,0.5226,98.779,3.8,14.72,64.67,0.373,VC
SSLCPISGWAIYSKD,0.6547,99.1474,5.55,33.22,84.67,0.153,VC
SSRSGFEMIWDPNGW,0.4678,93.5476,4.37,62.51,26,-0.827,VC
SSSCHDGKAWLHVCI,0.3066,97.6765,6.65,81.05,78,0.12,VC
SSSCHDGKAWLHVCV,0.3059,97.9709,6.65,76.02,71.33,0.1,VC
SSSSCHDGKAWLHVC,0.2964,97.7978,6.65,93.89,52,-0.233,VC
SSYVCSGLVGDTPRN,0.5131,98.2109,5.55,9.69,64.67,-0.24,VC
STSSRSGFEMIWDPN,0.4776,94.8062,4.37,64.31,26,-0.84,VC
SVAWSASACHDGMGW,0.477,96.2659,5.06,68.59,39.33,0.153,VC
SVILTGNSSLCPISG,0.4261,97.8849,5.24,36.53,123.33,0.9,VC
SVRQDIVAITDWSGY,0.4463,94.4801,4.21,23.69,97.33,-0.047,VC
SVSLTIATVCFLMQI,0.7203,97.2175,5.24,4.31,149.33,1.833,VC
SWRNNILRTQESECA,0.544,95.547,5.86,135.32,58.67,-1.14,VC
SWSQNILRTQESECV,0.3788,94.1444,4.53,134.91,71.33,-0.733,VC
SYKILKIEKGKVTKS,0.7919,44.9033,10,11.85,97.33,-0.667,VC
SYVCSGLVGDTPRND,0.4187,95.3849,4.21,-3.15,64.67,-0.42,VC
TASFIYDGRLVDSIG,0.6533,93.7221,4.21,27.94,104,0.38,VC
TCNQSIITYENNTWV,0.3965,90.5145,4,7.23,71.33,-0.46,VC
TCTVVMTDGSASGRA,0.6799,93.8467,5.5,29.15,52,0.26,VC
TDGSASGRADTRILF,0.5552,98.5994,5.63,6.49,65.33,-0.34,VC
TDSSFSVRQDIVAIT,0.3423,97.2535,4.21,55.03,97.33,0.213,VC
TDTIKSWRNNILRTQ,0.5384,74.3127,10.83,51.83,78,-1.193,VC
TDWSGYSGSFVQHPE,0.5291,93.9215,4.35,13.34,19.33,-0.96,VC
TEIVYLNNTTIEKEI,0.6806,76.7582,4.25,60.8,123.33,-0.22,VC
TETDSSFSVRQDIVA,0.6705,95.2688,4.03,67.87,71.33,-0.32,VC
TFFLTQGALLNDKHS,0.8896,94.7306,6.41,1.21,84.67,-0.093,VC
TFKVIGGWSTPNSKS,0.5726,80.3454,10,18.33,45.33,-0.46,VC
TGDDKNATASFIYDG,0.6119,99.7408,3.93,13.8,39.33,-0.753,VC
TGDDRNATASFIYDG,0.6107,99.2015,3.93,22.66,39.33,-0.793,VC
TGFAPFSKDNSIRLS,0.6737,65.1885,8.41,29.35,58.67,-0.32,VC
TGKVMCVCRDNWHGS,0.3653,93.1303,7.77,-10.71,38.67,-0.433,VC
TGLDCMRPCFWVELI,0.5274,99.7267,4.37,22.53,97.33,0.727,VC
TGNSSLCPISGWAIY,0.4345,99.4999,5.18,21.9,84.67,0.393,VC
TGSCGPVSSNGANGI,0.6861,97.5516,5.18,19.73,52,-0.02,VC
TIATVCFLMQIAILA,0.7097,94.6411,5.18,17.15,169.33,2.2,VC
TIATVCFLMQIAILV,0.7087,93.8022,5.18,17.15,182,2.36,VC
TIGSICMVVGIISLI,0.4571,98.6333,5.18,19.75,194.67,2.4,VC
TIGSVSLTIATVCFL,0.482,97.5571,5.18,9.33,149.33,1.867,VC
TIHDRIPHRTLLMNE,0.2643,92.4375,6.62,10.61,104,-0.693,VC
TIKSWRNNILRTQES,0.5938,77.2057,10.83,87.53,78,-1.2,VC
TISKDLRSGYETFKV,0.59,95.0021,8.17,33.33,71.33,-0.58,VC
TISKDSRSGYETFKV,0.5907,91.3437,8.17,46.17,45.33,-0.887,VC
TIWTSGSSISFCGVN,0.5356,95.7561,5.18,12.15,71.33,0.58,VC
TKQVCVAWSSSSCHD,0.6509,89.9241,6.4,97.05,45.33,-0.247,VC
TKSIELNAPNYHYEE,0.7987,93.5456,4.75,105.69,58.67,-1.347,VC
TLMSCPVGEAPSPYN,0.4433,99.7859,4,130.33,52,-0.107,VC
TNVVAGQDATSVILT,0.517,93.7253,3.8,24.99,123.33,0.713,VC
TQESECACVNGSCFT,0.3666,99.5497,3.79,108.1,26,-0.073,VC
TQESECVCINGTCTV,0.7408,97.8911,3.79,73.15,64.67,0.207,VC
TREPYVSCDPGKCYQ,0.5558,94.1391,5.73,51.09,19.33,-1.16,VC
TRILFIEEGKIVHIS,0.5351,91.1254,6.42,85.51,149.33,0.553,VC
TRILFIKEGKIVHIS,0.7147,81.4836,9.99,28.83,149.33,0.527,VC
TRQVCIAWSSSSCHD,0.3766,91.2017,6.4,99.13,52,-0.267,VC
TRVWWTSNSIVVFCG,0.7238,86.678,7.91,-6.35,84,0.613,VC
TSGSSISFCGVNSDT,0.5112,96.5067,3.8,12.15,45.33,0.053,VC
TSNSIVVFCGTSGTY,0.5859,93.3387,5.18,-7.65,64.67,0.54,VC
TSSRSGFEMIWDPNG,0.4705,92.4062,4.37,54.29,26,-0.813,VC
TSVILTGNSSLCPIS,0.4493,94.8332,5.18,36.53,123.33,0.88,VC
TTVTLHFKQHECDSP,0.4943,90.2469,5.92,86.79,45.33,-0.8,VC
TVCFLMQIAILATTV,0.7532,88.8166,5.18,17.15,156,2.013,VC
TVCFLMQIAILVTTV,0.7545,91.8367,5.18,11.49,168.67,2.173,VC
TVGWSWPDGAELPFS,0.3227,97.7993,3.67,26.89,52,-0.167,VC
TVKDRSPYRTLMSCP,0.5456,99.6403,9.3,113.57,45.33,-0.767,VC
TVVMTDGSASGRADT,0.6772,96.6315,4.21,-8.27,52,-0.14,VC
TWVNQTYVNISNTNV,0.5578,83.3961,5.18,2.24,84,-0.367,VC
TYVNISNTNVVAGQD,0.8306,82.1994,3.8,35.79,90.67,-0.167,VC
VAGQDATSVILTGNS,0.4986,98.1314,3.8,23.69,104,0.4,VC
VAITDWSGYSGSFVQ,0.4664,96.2473,3.8,3.67,71.33,0.293,VC
VAVLKYNGIITDTIK,0.4856,72.3732,8.47,-27.69,149.33,0.64,VC
VAWSASACHDGMGWL,0.398,96.6538,5.08,76.81,65.33,0.46,VC
VAWSSSSCHDGKAWL,0.411,96.0048,6.71,93.89,58.67,-0.127,VC
VCFLMQIAILATTVT,0.7709,80.2105,5.49,11.49,156,2.013,VC
VCFLMQIAILVTTVT,0.7504,88.3785,5.49,5.83,168.67,2.173,VC
VCIAWSSSSCHDGKA,0.604,98.4774,6.7,85.66,58.67,0.147,VC
VCINGTCTVVMTDGS,0.7274,97.4859,3.8,13.47,84,0.887,VC
VCRDNWHGSNRPWVS,0.5797,92.5527,8.23,16.55,38.67,-1.147,VC
VCVAWSSSSCHDGKA,0.6247,97.4205,6.7,80.63,52,0.127,VC
VDINMEDYSIDSSYV,0.5916,99.5467,3.37,37.83,90.67,-0.213,VC
VDNNNWSGYSGIFSV,0.5328,97.7059,3.8,-18.92,64.67,-0.247,VC
VDSIGSWSQNILRTQ,0.5063,95.8369,5.81,74.94,97.33,-0.393,VC
VEECSCYPRYPGVRC,0.4123,99.7469,6.09,88.49,38.67,-0.473,VC
VELIRGRKQETRVWW,0.7093,87.0527,10.74,32.3,90.67,-0.94,VC
VELIRGRPQETRVWW,0.7024,98.5735,9.48,42.19,90.67,-0.787,VC
VFCGTSGTYGTGSWP,0.7881,99.0685,5.49,-18.97,19.33,0.027,VC
VFVIREPFISCSHLE,0.4957,89.8647,5.4,56.75,116.67,0.76,VC
VGIISLILQIGNIIS,0.4061,84.8466,5.49,56.22,227.33,1.96,VC
VGWSWPDGAELPFSI,0.5419,98.043,3.67,26.89,78,0.18,VC
VHISPLSGSAQHIEE,0.4698,98.9733,5.23,148.24,104,-0.167,VC
VHISPLSGSAQHVEE,0.4735,99.3071,5.23,89.65,97.33,-0.187,VC
VIDINMEDYSIDSSY,0.3896,99.7188,3.37,47.85,97.33,-0.193,VC
VILTGNSSLCPISGW,0.7313,98.8442,5.49,44.76,123.33,0.893,VC
VIREPFISCSHLECR,0.4569,98.095,6.71,86.04,97.33,0.16,VC
VIVDSDNRSGYSGIF,0.6267,98.3005,4.21,24.47,90.67,0.047,VC
VKDRSPYRTLMSCPV,0.5614,91.0738,9.31,126.41,64.67,-0.44,VC
VKGWAFDNGDDVWMG,0.7258,94.0806,3.93,13.95,45.33,-0.4,VC
VLKYNGIITDTIKSW,0.4568,86.9804,8.47,-27.69,123.33,0.127,VC
VMPCEPIIIERNITE,0.2413,98.6078,4.25,126.09,123.33,0.28,VC
VMTDGSASGRADTRI,0.677,97.712,5.93,-8.27,58.67,-0.373,VC
VNGSCFTIMTDGPSN,0.5776,97.1766,3.8,31.97,45.33,0,VC
VNISNTNVVAGQDAT,0.6083,84.7387,3.8,35.79,97.33,0.04,VC
VNQTYVNISNTNVVA,0.6541,76.098,5.49,17.92,110,0.14,VC
VNRQVIVDNNNWSGY,0.6901,71.8363,5.81,-11.11,84,-0.787,VC
VPFHLGTRQVCIAWS,0.3397,93.4793,8.23,37.17,97.33,0.547,VC
VSFDQNLDYQIGYIC,0.4839,97.9375,3.56,11.9,97.33,0.067,VC
VSLTIATVCFLMQIA,0.5451,96.9375,5.49,4.31,156,2.007,VC
VTGDDRNATASFIYD,0.6039,98.3333,3.93,17,58.67,-0.487,VC
VTKSIELNAPNYHYE,0.8003,95.1282,5.4,78.3,78,-0.833,VC
VTREPYVSCDPGKCY,0.5395,94.3018,6.03,45.43,38.67,-0.647,VC
VTTVTLHFKQHECDS,0.5456,90.9581,5.99,51.84,64.67,-0.413,VC
VVAGQDATSVILTGN,0.4968,98.5639,3.8,23.69,123.33,0.733,VC
VVDINMEDYSIDSSY,0.3887,99.7594,3.37,37.83,90.67,-0.213,VC
VVFCGTSGTYGTGSW,0.7889,97.1384,5.49,-18.97,38.67,0.413,VC
VVGIISLILQIGNII,0.4019,83.5312,5.49,56.22,246.67,2.293,VC
VVMTDGSASGRADTR,0.6212,97.3161,5.93,-8.27,52,-0.393,VC
VWIGRTKSTSSRSGF,0.4837,93.7385,12.01,64.31,45.33,-0.513,VC
VWMGRTISKDLRSGY,0.6112,92.2173,9.99,61.59,71.33,-0.487,VC
VWMGRTISKDSRSGY,0.5882,95.2981,9.99,74.43,45.33,-0.793,VC
VWWTSNSIVVFCGTS,0.6036,89.6776,5.49,-12.01,84,0.86,VC
VYLNNTTIEKEICPE,0.5071,96.9394,4.25,65.21,97.33,-0.413,VC
VYLNNTTIEKEICPK,0.5072,96.9394,6.11,53.62,97.33,-0.44,VC
WAFDNGDDVWMGRTI,0.4919,93.4515,3.93,13.31,52,-0.44,VC
WAIYSKDNGIRIGSK,0.819,92.2922,9.7,-16.37,84.67,-0.573,VC
WDPNGWTETDSSFSV,0.4054,99.2002,3.49,36.04,19.33,-0.973,VC
WLHVCITGDDKNATA,0.3544,97.5352,5.21,6.24,84.67,-0.113,VC
WMGRTISKDLRSGYE,0.6725,95.6055,8.59,56.57,52,-1,VC
WMGRTISKDSRSGYE,0.6776,96.2072,8.57,69.41,26,-1.307,VC
WRNNILRTQESECAC,0.5635,97.865,6.13,164.61,58.67,-0.92,VC
WSGYSGIFSVEGKSC,0.5287,98.1238,5.99,14.09,45.33,0,VC
WSGYSGSFVQHPELT,0.5289,99.2924,5.24,13.34,45.33,-0.473,VC
WSKPQCQITGFAPFS,0.5288,98.4061,8.22,27.11,32.67,-0.22,VC
WSQNILRTQESECVC,0.3666,98.1664,4.53,134.91,71.33,-0.513,VC
WSWPDGAELPFSIDK,0.5295,99.5385,4.03,18.67,58.67,-0.567,VC
WTETDSSFSVRQDIV,0.6653,97.6805,4.03,57.85,64.67,-0.5,VC
WTSGSSISFCGVNSD,0.5306,96.5668,3.8,12.15,45.33,0.04,VC
WTSNSIVVFCGTSGT,0.5668,93.6609,5.52,-17.67,64.67,0.567,VC
WVNQTYVNISNTNVV,0.7102,75.7171,5.52,12.26,103.33,-0.04,VC
WVSFDQNLDYQIGYI,0.5145,96.56,3.56,6.24,97.33,-0.16,VC
WVSHSIQTGNQNHPE,0.4659,89.8589,5.98,-3.01,45.33,-1.36,VC
WWTSNSIVVFCGTSG,0.6566,91.2553,5.52,-12.01,64.67,0.553,VC
YDNGVWIGRTKSTSS,0.5872,91.8437,8.59,27.94,45.33,-0.9,VC
YETFKVIGGWSTPNS,0.7487,75.1379,6,13.31,45.33,-0.467,VC
YKILKIEKGKVTKSI,0.7509,46.5084,10,11.85,123.33,-0.313,VC
YNGIITDTIKSWRNN,0.518,85.7797,8.59,-13.8,78,-0.913,VC
YNSRFESVAWSASAC,0.5637,95.2003,5.99,64.31,39.33,-0.133,VC
YPRYPGVRCICRDNW,0.3443,99.2425,8.9,8.82,45.33,-0.927,VC
YQFALGQGTTLDNKH,0.7949,98.53,6.74,14.43,58.67,-0.827,VC
YQIGYICSGVFGDNP,0.5121,88.0446,3.8,1.75,71.33,0.12,VC
YRTLMSCPVGEAPSP,0.7252,89.5657,5.99,119.05,52,-0.173,VC
YSIDSSYVCSGLVGD,0.4678,90.6743,3.56,29.35,90.67,0.373,VC
YSKDNGIRIGSKGDV,0.3418,88.7905,8.5,-12.01,71.33,-0.913,VC
YVELIRGRKQETRVW,0.2368,73.2637,9.98,32.3,90.67,-0.967,VC
YVELIRGRPQETRVW,0.2263,96.5021,8.74,42.19,90.67,-0.813,VC
YVNISNTNVVAGQDA,0.7914,78.6252,3.8,35.79,97.33,0,VC
ACVNGSCFTVMTDGP,0.3863,98.7257,3.8,43.39,45.33,0.553,NVC
AFDNGDDVWMGRTIS,0.1319,97.856,3.93,23.33,52,-0.433,NVC
AGGDIWVTREPYVSC,0.382,98.8877,4.37,40.81,71.33,-0.027,NVC
AGNSSLCPVSGWAIY,0.0733,99.6321,5.56,40.4,84.67,0.54,NVC
AILATTVTLHFKQHE,0.1905,91.3932,6.96,15.37,110.67,0.22,NVC
AITDWSGYSGSFVQH,0.2471,96.1906,5.08,3.67,52,-0.2,NVC
AIYSKDNGIRIGSKG,0.0629,91.7592,9.7,-12.01,84.67,-0.54,NVC
AIYSKDNSIRIGSKG,0.3827,89.8518,9.7,3.67,84.67,-0.567,NVC
ALGQGTTLDNKHSND,0.1525,97.0954,5.21,19.46,58.67,-1.213,NVC
ALLNDKHSNGTIKDR,0.1298,94.7021,8.64,-22.69,84.67,-1.167,NVC
ANGVKGFSFKYGNGV,0.2141,93.3914,9.7,-39.63,45.33,-0.18,NVC
APFSKDNSIRLSAGG,0.3726,75.3237,8.79,43.24,65.33,-0.367,NVC
APNYHYEECSCYPDT,0.2826,94.5033,4.13,120.61,6.67,-1.267,NVC
AQHVEECSCYPRYPG,0.0848,99.2021,5.4,88.49,26,-0.947,NVC
ASFIYDGRLVDSIGS,0.1434,96.0035,4.21,27.94,104,0.373,NVC
ASGRADTRILFIKEG,0.1619,99.5537,8.79,0.83,91.33,-0.2,NVC
ASNQVMPCEPIIIER,0.147,98.1277,4.53,65.68,104,0.093,NVC
ATASFIYDGRLVDSI,0.1362,95.2098,4.21,27.94,110.67,0.527,NVC
ATTVTLHFKQHECDS,0.1701,90.9563,5.99,57.5,52,-0.573,NVC
ATVCFLMQIAILATT,0.416,89.9028,5.56,17.15,143.33,1.853,NVC
ATVCFLMQIAILVTT,0.2762,92.9534,5.56,11.49,156,2.013,NVC
AWLHVCITGDDKNAT,0.146,97.5935,5.21,6.24,84.67,-0.113,NVC
AWSASACHDGMGWLT,0.0184,97.8152,5.08,76.81,46,0.133,NVC
CACVNGSCFTIMTDG,0.3053,98.7404,3.8,43.39,52,0.847,NVC
CACVNGSCFTVMTDG,0.0566,98.6355,3.8,43.39,45.33,0.827,NVC
CDPGKCYQFALGQGT,0.295,98.9742,5.82,5.83,32.67,-0.387,NVC
CDSPASNQVMPCEPI,0.0828,99.926,3.67,104.2,52,-0.2,NVC
CEPIIIERNITEIVY,0.1746,93.2436,4.25,103.98,149.33,0.473,NVC
CFWVELIRGQPKENT,0.2506,97.271,6.14,5.19,71.33,-0.547,NVC
CFWVELIRGRPKENT,0.2141,91.6255,8.22,5.19,71.33,-0.613,NVC
CFYVELIRGRKQETR,0.3516,74.3217,9.31,54.03,71.33,-0.833,NVC
CFYVELIRGRPQETR,0.217,97.4133,8.22,63.93,71.33,-0.68,NVC
CGPVSSNGANGVKGF,0.0569,97.5618,8.22,1.73,45.33,-0.013,NVC
CHDGKAWLHVCVTGD,0.1499,97.5313,5.98,17.29,71.33,-0.047,NVC
CICRDNWKGSNRPVI,0.1205,91.5685,8.96,22.44,71.33,-0.593,NVC
CINGTCTVVMTDGSA,0.1652,97.1151,3.8,13.47,71.33,0.727,NVC
CINRCFYVELIRGRP,0.2972,96.4751,8.96,38.25,97.33,0.067,NVC
CIRPCFWVELIRGRP,0.2159,95.0729,9.02,18.67,97.33,0.22,NVC
CMRPCFWVELIRGQP,0.2514,97.7082,8.07,35.37,71.33,0.113,NVC
CMTIGMANLILQIGN,0.389,92.6305,5.52,66.29,136.67,1.147,NVC
CQITGFAPFSKDNSI,0.5,77.5116,5.83,24.33,58.67,0.013,NVC
CRDNWKGSNRPVVDI,0.1773,94.1157,8.22,12.42,64.67,-1.013,NVC
CSCYPDSSEITCVCR,0.0588,99.4091,4.37,80.6,45.33,0.08,NVC
CSCYPDTGKVMCVCR,0.0665,98.8937,7.88,2.24,38.67,0.24,NVC
CSCYPRYPDVRCICR,0.1902,95.7484,8.53,32.44,45.33,-0.327,NVC
CSGLVGDTPRNDDRS,0.1778,94.8298,4.43,21.12,45.33,-1.147,NVC
CSHLECRTFFLTQGA,0.1581,99.1789,6.73,36.17,58.67,0.18,NVC
CVCINGTCTVVMTDG,0.172,97.3028,3.8,8.44,84,1.107,NVC
CYPDSSEITCVCRDN,0.0698,98.728,4.03,58.87,45.33,-0.5,NVC
CYPDTGKVMCVCRDN,0.2886,98.9007,5.94,-19.49,38.67,-0.34,NVC
CYQFALGQGTTLDNK,0.2569,98.4864,5.83,14.43,58.67,-0.447,NVC
DATSVILTGNSSLCP,0.0642,92.3593,3.8,36.53,104,0.52,NVC
DCIRPCFWVELIRGR,0.3382,95.2782,8.07,5.83,97.33,0.093,NVC
DDKNATASFIYDGRL,0.2358,99.6238,4.43,19.46,65.33,-0.727,NVC
DDSSSNSNCRDPNNE,0.1827,98.6967,3.84,45.93,0,-2.32,NVC
DDVWMGRTISKDLRS,0.2578,96.0731,6.04,67.25,71.33,-0.84,NVC
DGKAWLHVCITGDDK,0.345,97.1565,5.3,0.58,78,-0.473,NVC
DGRLVDSIGSWSQNI,0.2399,98.9033,4.21,54.29,97.33,-0.373,NVC
DGSASGRADTRILFI,0.1324,99.1702,5.96,6.49,91.33,0.007,NVC
DINMEDYSIDSSYVC,0.1497,97.1466,3.37,47.85,71.33,-0.327,NVC
DIWVTREPYVSCDPG,0.2566,99.0997,4.03,45.43,64.67,-0.46,NVC
DKHSNGTVKDRSPYR,0.1201,94.7723,9.7,28.36,19.33,-2.127,NVC
DKNATASFIYDGRLV,0.3021,99.2467,5.96,19.46,84.67,-0.213,NVC
DKTGSCGPVSSNGAN,0.0663,98.6948,5.83,29.75,26,-0.787,NVC
DLRSGYETFKVIGGW,0.3218,92.6739,6.07,49.78,71.33,-0.333,NVC
DNGAVAVLKYNGIIT,0.1558,89.2088,5.83,-27.69,130,0.507,NVC
DNGIRIGSKGDVFVI,0.3652,97.1447,5.96,-12.01,116.67,0.253,NVC
DNKHSNGTIHDRIPH,0.1231,97.8397,7.02,10.72,52,-1.767,NVC
DNNFSIKQDIVGINE,0.2168,93.3779,4.03,5.3,97.33,-0.607,NVC
DNNNWSGYSGIFSVE,0.1926,98.4755,3.67,-8.9,45.33,-0.76,NVC
DNPRPNDKTGSCGPV,0.0662,99.2665,5.95,38.48,19.33,-1.52,NVC
DNRSGYSGIFSVEGK,0.2396,99.4042,6.07,21.65,45.33,-0.82,NVC
DNWHGSNRPWVSFDQ,0.2867,94.3934,5.21,24.78,19.33,-1.573,NVC
DNWKGSNRPVIDINM,0.3484,92.6457,5.96,22.44,71.33,-0.967,NVC
DPGKCYQFALGQGTT,0.1212,98.7747,5.83,-7.01,35.67,-0.6,NVC
DPNGWTGTDNNFSIK,0.0677,99.2448,4.21,-29.48,26,-1.307,NVC
DRSPYRTLMSCPVGE,0.3108,90.8512,6.06,117.64,45.33,-0.72,NVC
DRSSNSNCRNPNNER,0.0802,97.5469,8.25,50.83,0,-2.633,NVC
DSDNRSGYSGIFSVE,0.244,99.4587,4.03,40.15,45.33,-0.82,NVC
DSIGSWSQNILRTQE,0.1353,96.5768,4.37,97.8,78,-0.907,NVC
DSPASNQVMPCEPII,0.2702,99.5117,3.67,91.36,78,-0.067,NVC
DSSEITCVCRDNWHG,0.0768,99.6727,4.54,57.63,45.33,-0.773,NVC
DSSYVCSGLVGDTPR,0.3815,98.168,4.21,14.31,64.67,-0.24,NVC
DTIHDRIPHRTLLMN,0.3422,93.0627,6.92,0.59,104,-0.693,NVC
DTIKSWRNNILRTQE,0.3042,71.2946,8.75,64.67,78,-1.38,NVC
DTRILFIKEGKIVHI,0.2041,81.0896,8.6,18.81,149.33,0.347,NVC
DTVGWSWPDGAELPF,0.2285,97.7252,3.49,16.87,52,-0.347,NVC
DVFVIREPFISCSPL,0.3529,86.8652,4.37,86.04,116.67,0.867,NVC
DVRCICRDNWKGSNR,0.1219,97.9527,8.96,-3.24,45.33,-1.32,NVC
DYSIDSSYVCSGLVG,0.1321,92.5646,3.56,29.35,90.67,0.373,NVC
ECDSPASNQVMPCEP,0.2331,99.861,3.57,133.49,26,-0.733,NVC
ECSCYPDSSEITCVC,0.0568,99.4689,3.57,109.89,45.33,0.147,NVC
ECSCYPDTGKVMCVC,0.0657,99.0932,4.37,31.53,38.67,0.307,NVC
ECSCYPRYPDVRCIC,0.1795,95.357,6.13,61.73,45.33,-0.26,NVC
ECVCINGTCTVVMTD,0.1853,95.9917,3.67,37.73,84,0.9,NVC
EDYSIDSSYVCSGLV,0.3439,94.1587,3.49,47.85,90.67,0.167,NVC
EECSCYPDTGKVMCV,0.0661,99.7554,4.14,53.27,38.67,-0.093,NVC
EECSCYPRYPGVRCI,0.2979,99.8038,6.21,88.49,45.33,-0.453,NVC
EGKIVHISPLSGSAQ,0.1787,94.6157,6.85,50.94,104,-0.007,NVC
EICPEVVEYRNWSKP,0.1742,93.525,4.79,31.61,64.67,-0.88,NVC
EKEICPEVVEYRNWS,0.1674,97.7289,4.49,36.64,64.67,-1.0007,NVC
EKEICPKVVEYRNWS,0.2211,95.5707,6.31,19.39,64.67,-1.033,NVC
EKGKIVKSVEMNAPN,0.3514,91.3036,8.59,-2.39,71.33,-0.793,NVC
EKGKVTKSIELNAPN,0.2377,97.5519,8.59,28.83,78,-0.993,NVC
ELGVPFHLGTKQVCV,0.1904,91.1309,6.83,35.09,110,0.553,NVC
ELGVPFHLGTRQVCI,0.2618,96.3607,6.84,37.17,116.67,0.533,NVC
ELTGLDCMRPCFWVE,0.242,99.5674,4.14,22.53,71.33,0.193,NVC
EMIWDPNGWTETDSS,0.1793,98.1512,3.43,36.04,26,-1.193,NVC
EMIWDPNGWTGTDNN,0.2357,98.2336,3.49,-13.8,26,-1.347,NVC
EMNAPNYHYEECSCY,0.131,95.2132,4.24,127.43,6.67,-1.22,NVC
EPYVSCDPGKCYQFA,0.2126,94.1056,4.37,46.06,26,-0.507,NVC
ERNITEIVYLNNTTI,0.4949,84.2915,4.53,56.19,123.33,-0.26,NVC
ESECACVNGSCFTIM,0.0186,99.2583,3.8,100.29,52,0.633,NVC
ESECVCINGTCTVVM,0.1882,97.1389,3.8,65.33,84,0.893,NVC
ETDSSFSVRQDIVAI,0.2471,98.4403,4.03,55.03,97.33,0.027,NVC
ETFKVIGGWSTPNSK,0.2153,74.2474,8.69,18.33,45.33,-0.64,NVC
EVVEYRNWSKPQCQI,0.1467,96.0696,6.23,-2.87,64.67,-1.007,NVC
EWSGYSGSFVQHPEL,0.1945,98.7374,4.51,3.32,45.33,-0.66,NVC
EYRNWSKPQCQITGF,0.2744,99.1338,8.29,-8.53,26,-1.22,NVC
FCGTSGTYGTGSWPD,0.2353,98.8696,3.8,-23.99,0,-0.487,NVC
FDQNLDYQIGYICSG,0.304,98.9016,3.56,11.9,78,-0.24,NVC
FEMIWDPNGWTETDS,0.248,95.2628,3.43,23.2,26,-0.953,NVC
FGDNPRPNDGTGSCG,0.0224,99.2812,4.21,25.64,0,-1.3,NVC
FGDNPRPNDKTGSCG,0.0653,99.0924,5.95,25.64,0,-1.533,NVC
FHLGTKQVCVAWSSS,0.1744,88.6286,8.23,35.09,71.33,0.287,NVC
FIEEGKIVHISPLSG,0.2375,93.8033,5.4,101.97,123.33,0.413,NVC
FIYDGRLVDSIGSWS,0.1296,96.7583,4.21,27.49,97.33,0.193,NVC
FKQHECDSPASNQVM,0.081,99.0749,5.32,102.15,26,-0.973,NVC
FKYGNGVWIGRTKSI,0.248,82.4677,10.29,-22.03,71.33,-0.313,NVC
FLTQGALLNDKHSNG,0.1995,95.4587,6.74,-17.03,84.67,-0.493,NVC
FSVEGKSCINRCFYV,0.1425,97.9995,8.05,47.14,64.67,0.32,NVC
FTVMTDGPSDGQASY,0.0649,97.6235,3.56,20.25,26,-0.433,NVC
FVQHPELTGLDCMRP,0.2721,99.76,5.32,42.89,71.33,-0.233,NVC
GAVAVLKYNGIITDT,0.3079,79.4795,5.83,-27.69,130,0.693,NVC
GDDVWMGRTISKDLR,0.3233,93.2659,6.04,37.96,71.33,-0.813,NVC
GDDVWMGRTISKDSR,0.1236,92.9072,6.04,50.8,45.33,-1.12,NVC
GDIWVTREPYVSCDP,0.1208,99.3261,4.03,45.43,64.67,-0.46,NVC
GDNPRPNDGTGSCGP,0.0205,99.2767,4.21,25.64,0,-1.593,NVC
GDVFVIREPFISCSH,0.2499,87.5842,5.32,56.75,90.67,0.48,NVC
GFSFRYDNGVWIGRT,0.11,70.0562,8.75,10.07,45.33,-0.44,NVC
GGDIWVTREPYVSCD,0.3492,99.0196,4.03,53.65,64.67,-0.38,NVC
GIFGDNPRPNDKTGS,0.1959,94.4176,5.96,-1.75,26,-1.4,NVC
GIFSVEGKSCINRCF,0.1365,96.6094,8.06,19.75,71.33,0.4,NVC
GINEWSGYSGSFVQH,0.3606,97.8843,5.24,-12.01,45.33,-0.533,NVC
GIRIGSKGDVFVIRE,0.1141,97.2401,8.75,-1.99,116.67,0.187,NVC
GISGPDNGAVAVLKY,0.183,98.4072,5.83,-22.69,104,0.3,NVC
GKIVHISPLSGSAQH,0.1703,95.1954,8.76,50.94,104,0.013,NVC
GKIVKSVEMNAPNYH,0.3963,88.4939,8.51,11.5,71.33,-0.6,NVC
GKSCINRCFYVELIR,0.1822,99.0403,8.9,47.14,97.33,0.16,NVC
GKVMCVCRDNWHGSN,0.1853,93.205,8.07,-5.05,38.67,-0.62,NVC
GKVTKSIELNAPNYH,0.2415,96.8854,8.51,42.71,78,-0.8,NVC
GNIISIWISHSIQLG,0.3889,78.2065,6.74,32.97,156,0.8,NVC
GPDNGAVAVLKYNGI,0.1129,94.1674,5.83,-32.71,104,0.12,NVC
GPVSSNGANGIKGFS,0.1983,97.9226,8.75,-7.67,52,-0.213,NVC
GPVSSNGANGVKGFS,0.0559,97.5051,8.75,1.73,45.33,-0.233,NVC
GRADTRILFIKEGKI,0.1922,86.2886,9.99,-10.49,110.67,-0.227,NVC
GSAQHVEECSCYPRY,0.0786,98.9607,5.4,80.27,26,-0.893,NVC
GSASGRADTRILFIE,0.2343,99.4187,6.07,35.79,91.33,0.007,NVC
GSASGRADTRILFIK,0.1408,99.4173,10.84,0.83,91.33,-0.02,NVC
GSCGPVSSNGANGIK,0.2449,97.4389,8.22,19.73,52,-0.233,NVC
GSFVQHPELTGLDCM,0.2541,99.6011,4.35,25.07,71.33,0.093,NVC
GSKGDVFVIREPFIS,0.4597,89.3446,6.07,29.35,90.67,0.24,NVC
GSNRPVIDINMEDYS,0.1478,98.8661,4.03,47.85,71.33,-0.787,NVC
GSNRPVVDINMEDYS,0.321,99.0537,4.03,37.83,64.67,-0.807,NVC
GSSISFCGVNSDTVG,0.1171,93.4484,3.81,6.49,64.67,0.407,NVC
GSVSLTIATVCFLMQ,0.1798,97.2139,5.52,4.31,123.33,1.507,NVC
GSWSQNILRTQESEC,0.1631,92.6758,4.53,139.93,52,-1.04,NVC
GTCTVVMTDGSASGR,0.3018,96.2418,5.83,23.49,45.33,0.113,NVC
GTDNNFSIKQDIVGI,0.3931,95.7246,4.21,-0.36,97.33,-0.213,NVC
GTIHDRIPHRTLLMN,0.2032,92.9321,9.61,4.95,104,-0.487,NVC
GTIKDRSPYRTLMSC,0.3495,98.8989,9.31,91.33,52,-0.667,NVC
GTRQVCIAWSSSSCH,0.1593,91.3295,8.08,93.47,52,-0.06,NVC
GTTLDNKHSNDTIHD,0.1342,95.3346,5.13,17.67,52,-1.52,NVC
GTTLDNKHSNGTIHD,0.341,96.8768,5.98,12.01,52,-1.313,NVC
GVFGDNPRPNDGTGS,0.1059,96.3263,4.21,3.91,19.33,-1.187,NVC
GVKGWAFDNGDDVWM,0.3467,93.9632,3.93,13.95,45.33,-0.4,NVC
GVPFHLGTRQVCIAW,0.2264,94.756,8.26,37.17,97.33,0.573,NVC
GWAFDNGDDVWMGRT,0.3866,93.556,3.93,21.53,26,-0.767,NVC
GWAIYSKDNGIRIGS,0.2866,88.7239,8.59,-8.14,84.67,-0.34,NVC
GWSWPDGAELPFTID,0.0678,98.8986,3.49,32.55,58.67,-0.327,NVC
GWTGTDNNFSIKQDI,0.0719,99.0734,4.21,9.17,52,-0.9,NVC
GYETFKVIGGWSTPN,0.2955,75.5649,6,7.65,45.33,-0.44,NVC
GYICSGVFGDNPRPN,0.1183,92.6553,5.83,9.57,45.33,-0.5,NVC
GYSGSFVQHPELTGL,0.3524,99.6107,5.24,7.68,71.33,-0.133,NVC
HDGKAWLHVCITGDD,0.2112,97.1887,5.13,6.24,78,-0.427,NVC
HDRIPHRTLLMNELG,0.338,91.3516,6.92,2.39,104,-0.72,NVC
HFKQHECDSPASNQV,0.1855,98.8676,5.99,95.24,26,-1.313,NVC
HGSNRPWVSFDQNLD,0.2489,99.239,5.21,15.91,45.33,-1.26,NVC
HISPLSGSAQHIEEC,0.1943,98.6532,5.23,177.53,84.67,-0.28,NVC
HISPLSGSAQHVEEC,0.2139,99.5896,5.23,118.95,78,-0.3,NVC
HRTLLMNELGVPFHL,0.182,92.7741,6.92,35.01,123.33,0.233,NVC
HSIQLGNQNRIENIS,0.1168,79.8837,6.75,57.23,104,-0.893,NVC
HSNDTIHDRIPHRTL,0.1463,96.0192,7.02,0.59,78,-1.34,NVC
HSNGTIHDRIPHRTL,0.1648,96.0688,9.62,-5.07,78,-1.133,NVC
HYEECSCYPDTGKVM,0.0196,99.5754,4.65,82.56,19.33,-0.84,NVC
ICPEVVEYRNWSKPQ,0.177,93.291,6.14,31.61,64.67,-0.88,NVC
ICPKVVEYRNWSKPQ,0.258,90.8938,9.2,14.37,64.67,-0.907,NVC
ICRDNWKGSNRPVID,0.3474,92.5896,8.22,22.44,71.33,-0.933,NVC
ICRDNWKGSNRPVVD,0.1144,93.9533,8.22,12.42,64.67,-1.013,NVC
IDINMEDYSIDSSYV,0.1474,99.5419,3.37,47.85,97.33,-0.193,NVC
IDSSYVCSGLVGDTP,0.3412,98.469,3.56,19.33,90.67,0.36,NVC
IEECSCYPRYPDVRC,0.1253,99.8766,4.68,112.76,45.33,-0.66,NVC
IEKEICPEVVEYRNW,0.1579,98.9781,4.49,65.93,90.67,-0.653,NVC
IEKGKIVKSVEMNAP,0.4015,89.3339,8.5,26.91,97.33,-0.26,NVC
IEKGKVTKSIELNAP,0.3048,98.5672,8.5,58.12,104,-0.46,NVC
IELNAPNYHYEECSC,0.1566,96.9283,4.24,156.72,58.67,-0.707,NVC
IERNITEIVYLNNTT,0.4126,92.4095,4.53,85.48,123.33,-0.26,NVC
IFGDNPRPNDKTGSC,0.0692,94.121,5.95,25.64,26,-1.207,NVC
IFSVEGKSCINRCFY,0.1416,97.0837,8.05,47.14,71.33,0.34,NVC
IGEVPSPYNSRFESV,0.056,98.6425,4.53,84.96,64.67,-0.44,NVC
IGGWSTPNSKSQINR,0.2943,95.8289,11,38.63,52,-1.087,NVC
IGISGPDNGAVAVLK,0.0765,98.7135,5.84,-22.69,130,0.687,NVC
IGMANLILQIGNIIS,0.3803,76.1797,5.52,75.77,188.67,1.447,NVC
IGNIISIWISHSIQL,0.3662,82.5681,6.74,32.97,182,1.127,NVC
IGSVSLTIATVCFLM,0.1828,97.1544,5.52,9.33,149.33,2.04,NVC
IGSWSQNILRTQESE,0.1509,93.1804,4.53,110.64,78,-0.907,NVC
IHDRIPHRTLLMNEL,0.1966,92.4104,6.92,10.61,130,-0.393,NVC
IIIERNITEIVYLNN,0.3784,92.2981,4.53,91.14,175.33,0.433,NVC
IISIWISHSIQLGNQ,0.3904,79.8678,6.74,-1.35,156,0.593,NVC
IITYENNTWVNQTYV,0.2818,94.6004,4,-22.06,90.67,-0.38,NVC
IKEGKIVHISPLSGS,0.4196,92.4924,8.6,45.28,123.33,0.147,NVC
IKQDIVGINEWSGYS,0.1981,95.0374,4.37,-0.36,97.33,-0.32,NVC
ILATTVTLHFKQHEC,0.1914,82.4046,6.91,44.66,104,0.267,NVC
ILFIEEGKIVHISPL,0.3268,85.6288,5.4,114.81,175.33,1.047,NVC
ILRTQESECACVNGS,0.1954,98.928,4.53,112.05,78,-0.127,NVC
ILRTQESECVCINGT,0.205,98.5037,4.53,77.09,97.33,0.06,NVC
INGTCTVVMTDGSAS,0.1456,96.9916,3.8,13.47,71.33,0.507,NVC
INMEDYSIDSSYVCS,0.1399,96.8928,3.49,47.85,71.33,-0.147,NVC
INRCFYVELIRGRKQ,0.4955,86.4042,10.05,41.19,97.33,-0.487,NVC
IPHRTLLMNELGVPF,0.1578,92.195,6.75,33.09,123.33,0.387,NVC
IRGQPKENTIWTSGS,0.2334,98.6456,8.75,0.83,52,-1.08,NVC
IRGRPKENTIWTSGS,0.0784,98.5132,10.84,0.83,52,-1.147,NVC
IRGRPQETRVWWTSN,0.2322,99.1048,11.7,32.17,45.33,-1.42,NVC
IRLSAGGDIWVTREP,0.169,94.652,6.07,19.08,104,-0.133,NVC
ISGPDNGAVAVLKYN,0.1795,98.5439,5.83,-17.03,104,0.093,NVC
ISGWAIYSKDNGIRI,0.2816,82.7381,8.59,-8.14,110.67,-0.013,NVC
ISIWISHSIQLGNQN,0.3894,82.529,6.74,-1.35,130,0.06,NVC
ISKDSRSGYETFKVI,0.166,91.6366,8.5,46.17,71.33,-0.54,NVC
ISPLSGSAQHVEECS,0.2626,99.8343,4.51,89.65,78,-0.14,NVC
ITCVCRDNWHGSNRP,0.0703,97.9144,8.08,19.11,45.33,-0.893,NVC
ITEIVYLNNTTIEKE,0.4352,76.1493,4.25,47.96,123.33,-0.22,NVC
IVHISPLSGSAQHIE,0.2031,98.9669,5.98,12085,130,0.367,NVC
IVHISPLSGSAQHVE,0.1338,98.9627,5.98,62.26,123.33,0.347,NVC
IVVFCGTSGTYGTGS,0.1451,96.014,5.52,-24.63,64.67,0.773,NVC
IVYLNNTTIEKEICP,0.2191,84.6752,4.53,47.96,123.33,0.12,NVC
IWDPNGWTETDSSFS,0.238,99.7046,3.49,36.04,26,-0.953,NVC
IWTSGSSISFCGVNS,0.2233,96.075,5.52,12.15,71.33,0.573,NVC
IWVTREPYVSCDPGK,0.1236,99.4913,6.06,39.77,64.67,-0.487,NVC
IYDGRLVDSIGSWSQ,0.3859,98.8119,4.21,40.78,97.33,-0.227,NVC
KAWLHVCVTGDDRNA,0.1405,99.1813,6.74,4.41,78,-0.387,NVC
KDNGIRIGSKGDVFV,0.3757,97.2191,8.59,-12.01,90.67,-0.307,NVC
KDNSIRLSAGGDIWV,0.1386,88.4962,5.96,11.9,104,-0.227,NVC
KDSRSGYETFKVIGG,0.1316,95.6972,8.5,54.39,45.33,-0.84,NVC
KEGKIVHISPLSGSA,0.1858,94.3433,8.6,50.94,104,-0.003,NVC
KEICPEVVEYRNWSK,0.17,93.6736,6.22,36.64,64.67,-1.033,NVC
KGFSFKYGNGVWIGR,0.401,84.3542,10.29,-27.69,45.33,-0.407,NVC
KGWAFDNGDDVWMGR,0.3927,93.9839,4.43,15.87,26,-0.98,NVC
KHSNGTIHDRIPHRT,0.1482,94.6283,10.84,-5.07,52,-1.647,NVC
KHSNGTIKDRSPYRT,0.1902,95.1546,10.28,30.28,26,-1.92,NVC
KIFRIEKGKIVKSVE,0.3507,76.0655,10,8.41,116.67,-0.24,NVC
KIITIGSVSLTIATV,0.4432,98.0425,8.75,3.67,175.33,1.6,NVC
KIVHISPLSGSAQHI,0.1569,99.1634,8.76,85.89,130,0.34,NVC
KNATASFIYDGRLVD,0.3202,97.4281,5.96,15.1,84.67,-0.213,NVC
KQDIVGINEWSGYSG,0.2013,95.933,4.37,5.3,71.33,-0.647,NVC
KQETRVWWTSNSIVV,0.2594,87.9712,8.75,22.28,84,-0.44,NVC
KSCINRCFYVELIRG,0.1856,99.5803,8.9,47.14,97.33,0.16,NVC
KSIELNAPNYHYEEC,0.1131,98.4414,4.75,134.99,58.67,-1.133,NVC
KSQVNRQVIVDNNNW,0.1884,85.3438,8.75,2.37,84,-1.167,NVC
KSTSSRSGFEMIWDP,0.1096,98.8765,6.07,64.31,26,-0.867,NVC
KSWRNNILRTQESEC,0.2185,93.8148,8.22,135.32,52,-1.52,NVC
KTGSCGPVSSNGANG,0.0667,98.1867,8.22,25.39,26,-0.58,NVC
KVIGGWSTPNSKSQI,0.2299,95.5076,10,32.97,71.33,-0.533,NVC
KVIGGWSTPNSKSQV,0.1861,95.5128,10,27.94,64.67,-0.553,NVC
KVMCVCRDNWHGSNR,0.121,93.1093,8.96,0.61,38.67,-0.893,NVC
KVTKSIELNAPNYHY,0.241,96.8437,8.44,77.67,78,-0.86,NVC
LAGNSSLCPVSGWAI,0.1974,99.4644,5.22,40.4,110.67,0.88,NVC
LATTVTLHFKQHECD,0.1804,86.7828,5.99,44.66,78,-0.267,NVC
LCPVSGWAIYSKDNS,0.2425,92.3013,5.83,33.22,78,-0.047,NVC
LDCIRPCFWVELIRG,0.2312,99.6941,6.06,5.83,123.33,0.647,NVC
LDCMRPCFWVELIRG,0.2507,99.5438,6.06,22.53,97.33,0.473,NVC
LDNKHSNDTIHDRIP,0.2307,93.4455,5.66,16.38,78,-1.507,NVC
LECRTFFLTQGALLN,0.373,96.9218,5.99,36.17,110.67,0.553,NVC
LGNQNRIENISNTNF,0.121,91.5127,6,31.53,78,-1.02,NVC
LGTKQVCVAWSSSSC,0.141,91.7609,8.06,69.66,71.33,0.427,NVC
LHVCITGDDKNATAS,0.1217,97.5541,5.21,-1.99,84.67,-0.107,NVC
LILQIGNIISIWISH,0.231,78.1358,6.74,67.54,208,1.433,NVC
LKIEKGKVTKSIELN,0.063,90.8181,9.53,33.96,123.33,-0.48,NVC
LKYNGIITDTIKSWR,0.389,87.3768,9.7,-27.69,104,-0.453,NVC
LLMNELGVPFHLGTK,0.1659,97.8387,6.75,29.35,123.33,0.46,NVC
LMNELGVPFHLGTKQ,0.148,99.1059,6.75,45.14,97.33,-0.027,NVC
LMNELGVPFHLGTRQ,0.4867,99.1333,6.75,42.19,97.33,-0.067,NVC
LNAPNYHYEECSCYP,0.0187,94.4288,4.51,135.65,32.67,-0.967,NVC
LNDKHSNGTIKDRSP,0.2261,95.0744,8.6,35.89,52,-1.7,NVC
LNDKHSNGTVKDRSP,0.1118,93.3538,8.6,39.63,45.33,-1.72,NVC
LNNTTIEKEICPEVV,0.1449,97.0623,4.25,70.23,116.67,-0.047,NVC
LRSGYETFKVIGGWS,0.3239,88.033,8.59,49.78,71.33,-0.153,NVC
LRTQESECACVNGSC,0.0723,99.1556,4.53,120.94,52,-0.26,NVC
LSAGGDIWVTREPYV,0.3405,98.9754,4.37,19.08,97.33,0.06,NVC
LSGSAQHIEECSCYP,0.2354,99.4092,4.51,148.91,58.67,-0.287,NVC
LTGLDCMRPCFWVEL,0.1276,99.6676,4.37,22.53,97.33,0.68,NVC
LTIGISGPDNGAVAV,0.3643,95.9891,3.8,-17.03,130,0.9,NVC
LVDSIGSWSQNILRT,0.2637,94.857,5.84,79.97,123.33,0.093,NVC
MEDYSIDSSYVCSGL,0.3458,95.2416,3.49,47.85,71.33,0.013,NVC
MGWLTIGISGPDNGA,0.1189,95.5679,3.8,-0.58,84.67,0.26,NVC
MNELGVPFHLGTKQV,0.1697,94.9174,6.5,40.11,90.67,0,NVC
MNPNQKIITIGSVSL,0.1889,96.6599,8.5,-3.27,123.33,0.313,NVC
MRPCFWVELIRGQPK,0.2224,97.7195,9.5,13.64,71.33,-0.313,NVC
MSCPVGEAPSPYNSR,0.1984,99.9391,5.75,143.17,26,-0.667,NVC
NDDRSSNSNCRNPNN,0.0762,95.7188,5.95,50.83,0,-2.567,NVC
NDDSSSNSNCRDPNN,0.1926,99.5241,3.93,45.93,0,-2.32,NVC
NDKTGSCGPVSSNGA,0.0629,98.9853,5.83,29.75,26,-0.787,NVC
NDTIHDRIPHRTLLM,0.1318,97.2525,6.92,0.59,104,-0.693,NVC
NELGVPFHLGTKQVC,0.177,91.463,6.74,40.11,90.67,0.04,NVC
NEWSGYSGSFVQHPE,0.3693,98.6624,4.51,3.32,19.33,-1.147,NVC
NFAAGQSVVSVKLAG,0.3495,97.5238,8.75,21.03,104,0.753,NVC
NFSIKQDIVGINEWS,0.2472,96.738,4.37,-4.72,97.33,-0.253,NVC
NGDDVWMGRTISKDL,0.3451,94.9815,4.43,15.1,71.33,-0.747,NVC
NGIKGFSFRYDNGVW,0.3687,85.348,8.59,-16.93,45.33,-0.587,NVC
NGIRIGSKGDVFVIR,0.3764,97.4806,10.84,-12.01,116.67,0.187,NVC
NGQASYKILKIEKGK,0.2168,57.9959,9.83,13.15,84.67,-0.96,NVC
NGTCTVVMTDGSASG,0.2287,96.7256,3.8,13.47,45.33,0.18,NVC
NGTIHDRIPHRTLLM,0.2214,97.1032,9.61,-5.07,104,-0.487,NVC
NGTVKDRSPYRTLMS,0.2706,99.0982,9.99,63.31,45.33,-1.087,NVC
NGVKGFSFKYGNGVW,0.2154,92.4203,9.7,-39.63,38.67,-0.36,NVC
NIISIWISHSIQLGN,0.3881,78.6897,6.74,32.97,156,0.593,NVC
NIISIWVSHSIQTGN,0.4255,78.9841,6.74,21.65,123.33,0.273,NVC
NILRTQESECACVNG,0.1175,98.7282,4.53,141.34,78,-0.307,NVC
NILRTQESECVCING,0.1318,98.6116,4.53,112.05,97.33,-0.127,NVC
NISNTNVVAGQDATS,0.12,92.0004,3.8,35.79,78,-0.293,NVC
NITEIVYLNNTTIEK,0.4127,75.8892,4.53,77.25,123.33,-0.22,NVC
NKHSNDTIHDRIPHR,0.2265,97.3447,8.77,16.38,52,-2.04,NVC
NMEDYSIDSSYVCSG,0.1773,96.0452,3.49,47.85,45.33,-0.473,NVC
NNFSIKQDIVGINEW,0.3791,94.0055,4.37,-4.72,97.33,-0.433,NVC
NNNWSGYSGIFSVEG,0.2054,98.0352,4,-8.9,45.33,-0.553,NVC
NNTTIEKEICPEVVE,0.1466,98.2158,4.09,70.23,90.67,-0.533,NVC
NNWSGYSGIFSVEGK,0.2032,96.1971,6,-14.56,45.33,-0.58,NVC
NPNNERGNQGVKGWA,0.0807,98.7223,8.75,-18.31,26,-1.807,NVC
NPRPNDGTGSCGPVS,0.0234,99.2445,5.83,38.48,19.33,-1.107,NVC
NQKIITIGSVSLTIA,0.4349,97.0477,8.75,-1.35,156,0.9,NVC
NQVMPCEPIIIERNI,0.1618,99.4457,4.53,103.2,123.33,0.093,NVC
NRCFYVELIRGRKQE,0.2137,85.4712,9.31,54.03,71.33,-1.02,NVC
NRCFYVELIRGRPQE,0.2315,96.7335,8.22,63.93,71.33,-0.867,NVC
NRPVIDINMEDYSID,0.177,98.258,3.84,47.85,97.33,-0.64,NVC
NRPVVDINMEDYSID,0.1744,98.0692,3.84,37.83,90.67,-0.66,NVC
NRPWVSFNQNLEYQI,0.2653,96.0478,6,9.57,71.33,-0.987,NVC
NRQVIVDNNNWSGYS,0.1207,72.6123,5.84,-11.11,64.67,-1.12,NVC
NRSGYSGIFSVEGKS,0.2393,98.5574,8.59,21.65,45.33,-0.64,NVC
NSDTVGWSWPDGAEL,0.063,98.4977,3.49,-8.81,52,-0.713,NVC
NSIRLSAGGDIWVTR,0.3718,90.6647,9.6,6.24,104,-0.08,NVC
NSKSQINRQVIVDSD,0.3187,97.8323,5.96,27.15,90.67,-0.96,NVC
NSKSQVNRQVIVDNN,0.19,97.2423,8.75,9.28,84,-1.16,NVC
NSRFESVAWSASACH,0.1198,92.8818,6.74,86.04,39.33,-0.26,NVC
NTTIEKEICPEVVEY,0.1485,99.2004,4.09,70.23,90.67,-0.387,NVC
NTWVNQTYVNISNTN,0.156,84.7227,5.52,-3.42,64.67,-0.88,NVC
NWHGSNRPWVSFDQN,0.1361,94.6517,6.74,24.78,19.33,-1.573,NVC
NWKGSNRPVIDINME,0.1308,91.8241,6.07,22.44,71.33,-0.967,NVC
NWKGSNRPVVDINME,0.3107,93.7773,6.07,12.42,64.67,-0.987,NVC
NWSGYSGIFSVEGKS,0.2076,95.6203,6,-14.56,45.33,-0.4,NVC
PASNQVMPCEPIIIE,0.1401,99.5095,3.8,78.52,104,0.287,NVC
PCFWVELIRGRPKEN,0.2242,96.9118,8.64,5.83,71.33,-0.673,NVC
PDSSEITCVCRDNWH,0.0739,99.6629,4.54,59.51,45.33,-0.853,NVC
PDTGKVMCVCRDNWH,0.155,97.8528,7.08,-18.85,38.67,-0.693,NVC
PDVRCICRDNWKGSN,0.1299,98.1563,8.44,-8.27,45.33,-1.127,NVC
PFISCSHLECRTFFL,0.2536,98.3545,7.09,81.43,78,0.693,NVC
PFSKDNSIRLSAGGD,0.2614,82.5611,6.38,30.4,58.67,-0.72,NVC
PGKCYQFALGQGTTL,0.1362,98.4683,8.6,-7.01,58.67,-0.113,NVC
PGVKGWAFDNGDDVW,0.2954,94.1049,3.93,-1.83,45.33,-0.633,NVC
PHRTLLMNELGVPFH,0.1887,92.4422,7.33,35.01,97.33,-0.127,NVC
PLECRTFFLTQGALL,0.2297,98.9606,6.39,36.17,110.67,0.68,NVC
PNDGTGSCGPVSSNG,0.0203,98.9461,3.8,35.41,19.33,-0.78,NVC
PNQKIITIGSVCMTI,0.2585,97.8449,8.64,18.46,123.33,0.767,NVC
PNQKIITIGSVSLTI,0.1632,97.7821,9.18,-1.35,149.33,0.673,NVC
PNSKSQINRQVIVDS,0.1696,98.4604,9.18,27.15,90.67,-0.833,NVC
PNSKSQVNRQVIVDN,0.1928,98.8387,9.18,9.28,84,-1.033,NVC
PNYHYEECSCYPDTG,0.0184,94.7163,4.13,102.11,0,-1.413,NVC
PRNDDSSSNSNCRDP,0.1822,99.8327,4.43,49.13,0,-2.26,NVC
PRPNDKTGSCGPVSS,0.0645,99.2554,8.64,53.24,19.33,-1.16,NVC
PRYPDVRCICRDNWK,0.1859,99.3703,9,-4.43,45.33,-1.307,NVC
PSDGQASYKIFRIEK,0.2299,96.9776,8.9,45.81,58.67,-0.94,NVC
PVGEAPSPYNSRFES,0.271,99.6938,4.53,92.14,26,-1.007,NVC
PVIDINMEDYSIDSS,0.1636,99.6591,3.37,60.69,97.33,-0.213,NVC
PVSSNGANGIKGFSF,0.2511,98.1208,9.18,-7.67,52,0,NVC
PWVSFNQNLEYQIGY,0.3956,97.5114,4,-8.93,71.33,-0.567,NVC
PYNSRFESVAWSASA,0.2657,96.7687,6.43,35.01,39.33,-0.407,NVC
PYRTLMSCPIGEVPS,0.3335,93.9953,6.38,82.58,71.33,0.007,NVC
PYRTLMSCPVGEAPS,0.437,89.9126,6.38,89.76,52,-0.173,NVC
QCQITGFAPFSKDNS,0.4204,84.84,5.83,19.3,32.67,-0.52,NVC
QESECVCINGTCTVV,0.1802,97.7077,3.79,78.17,84,0.533,NVC
QETRVWWTSNSIVVF,0.2594,87.8368,6,6.49,84,0.007,NVC
QFALGQGTTLDNKHS,0.2001,98.9602,6.74,14.43,58.67,-0.793,NVC
QGALLNDKHSNGTVK,0.1578,96.4034,8.6,-19.59,78,-0.913,NVC
QGVKGWAFDNGDDVW,0.148,93.9476,3.93,-1.83,45.33,-0.76,NVC
QHIEECSCYPRYPDV,0.1903,99.4752,4.65,142.05,45.33,-0.973,NVC
QHPELTGLDCMRPCF,0.274,99.4371,5.32,37.86,52,-0.347,NVC
QHVEECSCYPRYPGV,0.1841,99.4992,5.4,88.49,38.67,-0.787,NVC
QIGNIISIWISHSIQ,0.3348,88.9917,6.74,32.97,156,0.64,NVC
QIGYICSGVFGDNPR,0.1205,86.6014,5.83,-3.27,71.33,-0.093,NVC
QINRQVIVDSDNRSG,0.1662,97.0633,5.96,43.6,90.67,-0.973,NVC
QITGFAPFSKDNSIR,0.2634,69.206,8.75,29.35,58.67,-0.453,NVC
QKIITIGSVCMTIGM,0.3942,96.349,8.22,23.49,123.33,1.207,NVC
QKIITIGSVSLTIAT,0.4438,97.3343,8.75,3.67,156,1.087,NVC
QLGNQNRIENISNTN,0.0739,90.7011,6,41.55,78,-1.44,NVC
QNILRTQESECVCIN,0.137,98.1838,4.53,122.07,97.33,-0.333,NVC
QSIITYENNTWVNQT,0.2318,92.2167,4,7.23,71.33,-0.86,NVC
QVMPCEPIIIERNIT,0.2509,98.9119,4.53,108.23,123.33,0.28,NVC
QVNRQVIVDNNNWSG,0.1497,74.9151,5.84,-10.47,84,-0.933,NVC
RCICRDNWKGSNRPV,0.1213,96.6637,9.69,22.44,45.33,-1.193,NVC
RDNWHGSNRPWVSFD,0.2507,93.9746,6.75,24.78,19.33,-1.64,NVC
REPYVSCDPGKCYQF,0.2704,94.1219,6.05,46.06,19.33,-0.927,NVC
RFESVAWSASACHDG,0.1566,95.1162,5.32,73.2,39.33,-0.233,NVC
RGNQGVKGWAFDNGD,0.2615,96.356,5.96,-18.18,26,-1.307,NVC
RIGSKGDVFVIREPF,0.2469,97.7469,8.75,29.35,90.67,-0.007,NVC
RILFIEEGKIVHISP,0.1322,90.8634,6.76,114.81,149.33,0.493,NVC
RIPHRTLLMNELGVP,0.2405,92.845,9.61,20.25,123.33,-0.1,NVC
RLSAGGDIWVTREPY,0.2134,99.3176,6.07,19.08,78,-0.52,NVC
RLVDSIGSWSQNILR,0.3075,98.9769,9.6,79.97,123.33,-0.16,NVC
RNATASFIYDGRLVD,0.1364,97.4281,5.96,23.33,84.67,-0.253,NVC
RNDDSSSNSNCRDPN,0.1905,99.6403,4.43,54.16,0,-2.387,NVC
RNITEIVYLNNTTIE,0.1726,76.9809,4.53,85.48,123.33,-0.26,NVC
RPCFWVELIRGQPKE,0.2175,97.7805,8.22,18.67,71.33,-0.673,NVC
RPCFWVELIRGRPKE,0.39,97.2823,9.5,18.67,71.33,-0.74,NVC
RPKENTIWTSGSSIS,0.2529,94.3814,8.75,19.33,52,-0.927,NVC
RPVIDINMEDYSIDS,0.1762,96.199,3.84,60.69,97.33,-0.46,NVC
RPWVSFNQNLEYQIG,0.2504,97.201,6,9.57,71.33,-0.78,NVC
RSGYETFKVIGGWST,0.1389,75.7219,8.59,36.94,45.33,-0.453,NVC
RSGYSGIFSVEGKSC,0.239,98.1241,8.2,43.38,45.33,-0.24,NVC
RSPYRTLMSCPIGEV,0.3323,95.0988,8.22,115.49,71.33,-0.187,NVC
RSPYRTLMSCPVGEA,0.4402,88.9096,8.22,122.67,52,-0.367,NVC
RSSNSNCRNPNNERG,0.0783,97.1106,10.26,50.19,0,-2.427,NVC
RTISKDLRSGYETFK,0.1353,99.3291,9.7,38.99,52,-1.16,NVC
RTKSTSSRSGFEMIW,0.1365,99.1063,10.84,64.31,26,-0.873,NVC
RTLLMNELGVPFHLG,0.1888,92.9726,6.75,35.01,123.33,0.42,NVC
RTLMSCPIGEVPSPY,0.3632,98.2795,5.99,123.15,71.33,0.007,NVC
RTQESECACVNGSCF,0.2429,99.4723,4.53,108.1,26,-0.327,NVC
RYPDVRCICRDNWKG,0.1667,99.6201,8.9,-5.07,45.33,-1.227,NVC
SAGGDIWVTREPYVS,0.1721,98.8372,4.37,19.08,71.33,-0.247,NVC
SAQHVEECSCYPRYP,0.0823,99.0808,5.38,88.49,26,-0.973,NVC
SASACHDGINWLTIG,0.0588,98.7195,5.06,56.01,91.33,0.313,NVC
SASACHDGMGWLTIG,0.0234,98.1824,5.06,76.81,65.33,0.347,NVC
SASGRADTRILFIKE,0.1474,99.6696,8.46,0.83,91.33,-0.227,NVC
SCDPGKCYQFALGQG,0.2582,98.9856,5.55,33.22,32.67,-0.393,NVC
SCFTVMTDGPSDGQA,0.0744,93.451,3.56,41.99,26,-0.18,NVC
SCHDGKAWLHVCITG,0.2618,97.9978,6.65,49.71,78,0.153,NVC
SCINRCFYVELIRGR,0.3253,96.9598,8.94,47.14,97.33,0.12,NVC
SCSHLECRTFFLTQG,0.2512,99.3329,6.46,63.56,52,0.007,NVC
SCYPDSSEITCVCRD,0.2441,98.7442,4.03,80.6,45.33,-0.32,NVC
SCYPRYPGVRCICRD,0.3035,99.5094,8.65,37.47,45.33,-0.52,NVC
SDGQASYKIFRIEKG,0.2357,85.9638,8.22,27.31,58.67,-0.86,NVC
SDTVGWSWPDGAELP,0.0555,98.0686,3.49,4.03,52,-0.587,NVC
SECACVNGSCFTIMT,0.0243,99.1275,4,85.53,52,0.82,NVC
SECACVNGSCFTVMT,0.0586,99.0495,4,85.53,45.33,0.8,NVC
SECVCINGTCTVVMT,0.19,95.9688,4,50.57,84,1.08,NVC
SEITCVCRDNWHGSN,0.0696,98.1772,5.3,31.95,45.33,-0.773,NVC
SFVQHPELTGLDCIR,0.1248,99.6166,5.3,13.34,97.33,-0.007,NVC
SGIFSVEGKSCINRC,0.1315,96.4661,7.79,19.75,71.33,0.16,NVC
SGPDNGAVAVLKYNG,0.2018,98.2669,5.55,-27.05,78,-0.233,NVC
SGRADTRILFIEEGK,0.262,99.4642,5.9,51.86,84.67,-0.553,NVC
SGRADTRILFIKEGK,0.18,94.7137,9.98,-4.83,84.67,-0.58,NVC
SGSAQHVEECSCYPR,0.1856,99.5862,5.38,85.29,26,-0.86,NVC
SGSFVQHPELTGLDC,0.2297,99.5535,4.35,13.34,71.33,-0.084,NVC
SGSSISFCGVNSDTV,0.0729,94.5587,3.8,12.15,64.67,0.38,NVC
SGWAIYSKDNGIRIG,0.2893,85.7937,8.31,-8.14,84.67,-0.34,NVC
SGWAIYSKDNSIRIG,0.3333,84.7536,8.31,7.54,84.67,-0.367,NVC
SGYSGIFSVEGKSCI,0.2169,97.6262,5.72,14.09,71.33,0.36,NVC
SHSIQTGNQNHPETC,0.1169,92.4499,5.93,2.65,26,-1.46,NVC
SIGSWSQNILRTQES,0.1403,95.4063,5.72,97.8,78,-0.727,NVC
SIQTGNQNHPETCNQ,0.0197,95.9048,5.22,-2.37,26,-1.66,NVC
SISFCGVNSDTVGWS,0.2486,98.9584,3.8,1.88,64.67,0.373,NVC
SISSRNGFEMIWDPN,0.2444,90.7391,4.37,33.22,52,-0.673,NVC
SIVVFCGTSGTYGTG,0.1539,95.937,5.24,-24.63,64.67,0.773,NVC
SKDLRSGYETFKVIG,0.2614,93.772,8.22,33.33,71.33,-0.56,NVC
SKDNSIRIGSKGDVF,0.3381,95.123,8.31,3.67,71.33,-0.667,NVC
SKDNSIRLSAGGDIW,0.171,89.2583,5.68,17.56,84.67,-0.56,NVC
SKDSRSGYETFKVIG,0.128,93.9255,8.22,46.17,45.33,-0.867,NVC
SKPQCQITGFAPFSK,0.4293,85.8832,9.33,27.1,32.67,-0.42,NVC
SKSQVNRQVIVDNNN,0.2981,95.1333,8.46,9.28,84,-1.16,NVC
SLCPISGWAIYSKDN,0.2865,94.4968,5.55,20.38,84.67,-0.027,NVC
SLTIATVCFLMQIAI,0.1927,97.2998,5.24,4.31,162.67,2.027,NVC
SNGANGIKGFSFRYD,0.1345,96.2037,8.31,-22.59,32.67,-0.74,NVC
SNGANGVKGFSFKYG,0.2455,99.377,9.7,-39.63,26,-0.513,NVC
SNGTIHDRIPHRTLL,0.338,96.7632,9.36,-5.07,104,-0.667,NVC
SNGTVKDRSPYRTLM,0.1181,98.6609,9.98,34.02,45.33,-1.087,NVC
SNRPVIDINMEDYSI,0.1599,98.8509,4.03,47.85,97.33,-0.46,NVC
SNRPVVDINMEDYSI,0.3448,98.9995,4.03,37.83,90.67,-0.48,NVC
SNRPWVSFDQNLDYQ,0.311,98.4942,4.21,22.82,45.33,-1.34,NVC
SNSNCRNPNNERGNQ,0.0757,97.177,7.97,-2.63,0,-2.54,NVC
SNTNVVAGQDATSVI,0.1546,93.0435,3.8,6.49,97.33,0.22,NVC
SPASNQVMPCEPIII,0.1349,99.7097,4,78.52,104,0.467,NVC
SPLECRTFFLTQGAL,0.1933,98.8521,5.72,65.46,84.67,0.373,NVC
SQINRQVIVDSDNRS,0.1567,95.9688,5.68,56.44,90.67,-1,NVC
SQNILRTQESECVCI,0.1481,98.1695,4.53,134.91,97.33,-0.513,NVC
SQVNRQVIVDNNNWS,0.1806,76.7695,5.55,2.37,84,-0.96,NVC
SSCHDGKAWLHVCVT,0.1403,97.8607,6.65,57.52,71.33,0.107,NVC
SSISFCGVNSDTVGW,0.1575,98.779,3.8,14.72,64.67,0.373,NVC
SSNGANGIKGFSFRY,0.1189,98.4099,9.99,-25.53,32.67,-0.56,NVC
SSSCHDGKAWLHVCI,0.0847,97.6765,6.65,81.05,78,0.12,NVC
SSSSCHDGKAWLHVC,0.3121,97.7978,6.65,93.89,52,-0.233,NVC
SSYVCSGLVGDTPRN,0.3187,98.2109,5.55,9.69,64.67,-0.24,NVC
STPNSKSQINRQVIV,0.3023,98.7851,11,24.33,90.67,-0.647,NVC
STPNSKSQVNRQVIV,0.1769,98.276,11,19.3,84,-0.667,NVC
STSSRSGFEMIWDPN,0.1331,94.8062,4.37,64.31,26,-0.84,NVC
SVEGKSCINRCFYVE,0.1419,98.2203,5.86,47.14,64.67,-0.1,NVC
SVEMNAPNYHYEECS,0.23,94.3188,4.24,105.69,26,-1.073,NVC
SVSLTIATVCFLMQI,0.1761,97.2175,5.24,4.31,149.33,1.833,NVC
SWRNNILRTQESECA,0.2444,95.547,5.86,135.32,58.67,-1.14,NVC
SWSQNILRTQESECV,0.1601,94.1444,4.53,134.91,71.33,-0.733,NVC
SYVCSGLVGDTPRND,0.3953,95.3849,4.21,-3.15,64.67,-0.42,NVC
TCTVVMTDGSASGRA,0.3727,93.8467,5.5,29.15,52,0.26,NVC
TDNNFSIKQDIVGIN,0.2243,93.5909,4.21,5.3,97.33,-0.42,NVC
TDTIKSWRNNILRTQ,0.2492,74.3127,10.83,51.83,78,-1.193,NVC
TEIVYLNNTTIEKEI,0.4495,76.7582,4.25,60.8,123.33,-0.22,NVC
TETDSSFSVRQDIVA,0.1584,95.2688,4.03,67.87,71.33,-0.32,NVC
TGDDKNATASFIYDG,0.1691,99.7408,3.93,13.8,39.33,-0.753,NVC
TGFAPFSKDNSIRLS,0.1864,65.1885,8.41,29.35,58.67,-0.32,NVC
TGNQNHPETCNQSII,0.0175,99.2092,5.21,26.92,52,-1.127,NVC
TGSWPDGANINFMPI,0.2073,95.1789,3.8,41.55,58.67,-0.093,NVC
TGTDNNFSIKQDIVG,0.2019,96.3944,4.21,-0.36,71.33,-0.56,NVC
TIATVCFLMQIAILA,0.1936,94.6411,5.18,17.15,169.33,2.2,NVC
TIGISGPDNGAVAVL,0.1109,98.0246,3.8,-17.03,130,0.9,NVC
TIGMANLILQIGNII,0.3704,79.1445,5.19,75.77,188.67,1.453,NVC
TIHDRIPHRTLLMNE,0.3226,92.4375,6.62,10.61,104,-0.693,NVC
TISKDSRSGYETFKV,0.2627,91.3437,8.17,46.17,45.33,-0.887,NVC
TKQVCVAWSSSSCHD,0.1924,89.9241,6.4,97.05,45.33,-0.247,NVC
TKSTSSRSGFEMIWD,0.1108,98.7618,5.74,64.31,26,-0.807,NVC
TLDNKHSNGTIHDRI,0.3464,97.468,6.61,12.64,78,-1.24,NVC
TLLMNELGVPFHLGT,0.1784,97.8068,5.21,29.35,123.33,0.673,NVC
TLMSCPVGEAPSPYN,0.365,99.7859,4,130.33,52,-0.107,NVC
TPNSKSQINRQVIVD,0.3035,99.0863,8.41,14.31,90.67,-0.827,NVC
TPNSKSQVNRQVIVD,0.1902,98.5816,8.41,9.28,84,-0.847,NVC
TPRNDDRSSNSNCRN,0.2256,97.0858,7.91,55.95,0,-2.447,NVC
TQESECVCINGTCTV,0.1562,97.8911,3.79,73.15,64.67,0.207,NVC
TQGALLNDKHSNGTV,0.155,96.2126,6.41,-22.69,78,-0.7,NVC
TREPYVSCDPGKCYQ,0.296,94.1391,5.73,51.09,19.33,-1.16,NVC
TRVWWTSNSIVVFCG,0.1308,86.678,7.91,-6.35,84,0.613,NVC
TSGSSISFCGVNSDT,0.077,96.5067,3.8,12.15,45.33,0.053,NVC
TSNSIVVFCGTSGTY,0.136,93.3387,5.18,-7.65,64.67,0.54,NVC
TSSRSGFEMIWDPNG,0.2474,92.4062,4.37,54.29,26,-0.813,NVC
TTIEKEICPEVVEYR,0.1614,99.5321,4.49,64.62,90.67,-0.453,NVC
TTIEKEICPKVVEYR,0.2738,99.2055,5.9,47.37,90.67,-0.48,NVC
TTLDNKHSNGTIHDR,0.34,96.8255,6.61,12.64,52,-1.587,NVC
TTVTLHFKQHECDSP,0.1584,90.2469,5.92,86.79,45.33,-0.8,NVC
TVGWSWPDGAELPFS,0.1041,97.7993,3.67,26.89,52,-0.617,NVC
TVKDRSPYRTLMSCP,0.0644,99.6403,9.3,113.57,45.33,-0.767,NVC
TVTLHFKQHECDSPA,0.1465,91.1666,5.92,99.63,52,-0.633,NVC
TVVMTDGSASGRADT,0.2317,96.6315,4.21,-8.27,52,-0.14,NVC
TYENNTWVNQTYVNI,0.2531,97.6807,4,7.23,64.67,-0.913,NVC
TYGTGSWPDGANINF,0.1216,95.2642,3.8,0.94,32.67,-0.573,NVC
VAVLKYNGIITDTIK,0.3044,72.3732,8.47,-27.69,149.33,0.64,NVC
VAWSASACHDGINWL,0.0749,97.4984,5.08,56.01,91.33,0.427,NVC
VCFLMQIAILATTVT,0.4117,80.2105,5.49,11.49,156,2.013,NVC
VCFLMQIAILVTTVT,0.2749,88.3785,5.49,5.83,168.67,2.173,NVC
VCIAWSSSSCHDGKA,0.1507,98.4774,6.7,85.66,58.67,0.147,NVC
VCINGTCTVVMTDGS,0.1729,97.4859,3.8,13.47,84,0.887,NVC
VCITGDDKNATASFI,0.3255,97.8432,4.21,-1.99,84.67,0.34,NVC
VCMTIGMANLILQIG,0.251,92.984,5.49,71.95,156,1.66,NVC
VCSGLVGDTPRNDDS,0.3081,94.8049,3.93,9.69,64.67,-0.567,NVC
VDNNNWSGYSGIFSV,0.2333,97.7059,3.8,-18.92,64.67,-0.247,NVC
VEGKSCINRCFYVEL,0.1519,98.1748,6.1,47.14,90.67,0.207,NVC
VEMNAPNYHYEECSC,0.0745,97.2356,4.24,127.43,26,-0.853,NVC
VEYRNWSKPQCQITG,0.12,97.9117,8.17,-8.53,45.33,-1.127,NVC
VFCGTSGTYGTGSWP,0.2571,99.0685,5.49,-18.97,19.33,0.027,NVC
VGEAPSPYNSRFESV,0.1369,98.8527,4.53,79.3,45.33,-0.62,NVC
VGINEWSGYSGSFVQ,0.2305,97.0596,4,-17.67,64.67,-0.04,NVC
VGWSWPDGAELPFSI,0.1,98.043,3.67,26.89,78,0.18,NVC
VGWSWPDGAELPFTI,0.0658,98.0402,3.67,26.89,78,0.187,NVC
VIDINMEDYSIDSSY,0.1469,99.7188,3.37,47.85,97.33,-0.193,NVC
VIGGWSTPNSKSQIN,0.1102,95.8821,8.72,38.63,71.33,-0.507,NVC
VIGGWSTPNSKSQVN,0.1936,95.8949,8.72,33.6,64.67,-0.527,NVC
VKGWAFDNGDDVWMG,0.3229,94.0806,3.93,13.95,45.33,-0.4,NVC
VKSVEMNAPNYHYEE,0.2312,93.1048,4.75,74.48,45.33,-1.167,NVC
VMCVCRDNWHGSNRP,0.1184,92.536,8.05,19.11,38.67,-0.74,NVC
VMPCEPIIIERNITE,0.26,98.6078,4.25,126.09,123.33,0.28,NVC
VNRQVIVDNNNWSGY,0.1245,71.8363,5.81,-11.11,84,-0.787,NVC
VNSDTVGWSWPDGAE,0.0681,98.3954,3.49,-8.81,45.33,-0.687,NVC
VRCICRDNWKGSNRP,0.1217,96.5165,9.69,9.6,45.33,-1.193,NVC
VSHSIQTGNQNHPET,0.2435,90.7721,5.98,2.65,45.33,-1.347,NVC
VSLTIATVCFLMQIA,0.1856,96.9375,5.49,4.31,156,2.007,NVC
VSVKLAGNSSLCPVS,0.6331,91.5989,8.19,34.61,116.67,0.793,NVC
VTKSIELNAPNYHYE,0.2274,95.1282,5.4,78.3,78,-0.883,NVC
VTTVTLHFKQHECDS,0.1752,90.9581,5.99,51.84,64.67,-0.413,NVC
VVEYRNWSKPQCQIT,0.1364,98.1587,8.17,-2.87,64.67,-0.82,NVC
VVFCGTSGTYGTGSW,0.1663,97.1384,5.49,-18.97,38.67,0.413,NVC
VVMTDGSASGRADTR,0.3448,97.3161,4.93,-8.27,52,-0.393,NVC
VVSVKLAGNSSLCPV,0.2006,91.6638,8.19,34.61,136,1.127,NVC
VWMGRTISKDLRSGY,0.1741,92.2173,9.99,61.59,71.33,-0.487,NVC
VWMGRTISKDSRSGY,0.1216,95.2981,9.99,74.43,45.33,-0.793,NVC
VWWTSNSIVVFCGTS,0.1509,89.6776,5.49,-12.01,84,0.86,NVC
VYLNNTTIEKEICPE,0.1755,96.9394,4.25,65.21,97.33,-0.413,NVC
WAFDNGDDVWMGRTI,0.151,93.4515,3.93,13.31,52,-0.44,NVC
WAIYSKDNGIRIGSK,0.2792,92.2922,9.7,-16.37,84.67,-0.573,NVC
WHGSNRPWVSFNQNL,0.2501,94.7427,9.76,18.44,45.33,-1.087,NVC
WIGRTKSTSSRSGFE,0.1588,94.413,10.84,64.31,26,-1.027,NVC
WLHVCITGDDKNATA,0.3216,97.5352,5.21,6.24,84.67,-0.113,NVC
WMGRTISKDLRSGYE,0.3386,95.6055,8.59,56.57,52,-1,NVC
WMGRTISKDSRSGYE,0.1777,96.2072,8.59,69.41,26,-1.307,NVC
WSKPQCQITGFAPFS,0.2755,98.4061,8.22,27.11,32.67,-0.22,NVC
WSQNILRTQESECVC,0.1517,98.1664,4.53,134.91,71.33,-0.513,NVC
WSTPNSKSQINRQVI,0.2344,98.6108,11,29.99,71.33,-0.987,NVC
WSWPDGAELPFSIDK,0.103,99.5385,4.03,18.67,58.67,-0.567,NVC
WTETDSSFSVRQDIV,0.1179,97.6805,4.03,57.85,64.67,-0.5,NVC
WTGTDNNFSIKQDIV,0.2306,97.3998,4.21,-4.72,71.33,-0.593,NVC
WTSGSSISFCGVNSD,0.2803,96.5668,3.8,12.15,45.33,0.04,NVC
WTSNSIVVFCGTSGT,0.1465,93.6609,5.52,-17.67,64.67,0.567,NVC
WVNQTYVNISNTNVV,0.1545,75.7171,5.52,12.26,103.33,-0.04,NVC
WVSFNQNLEYQIGYI,0.27,97.4464,4,-7.01,97.33,-0.16,NVC
WVSHSIQTGNQNHPE,0.2729,89.8589,5.98,-3.01,45.33,-1.36,NVC
WVTREPYVSCDPGKC,0.1835,95.234,6.05,39.77,38.67,-0.62,NVC
WWTSNSIVVFCGTSG,0.1469,91.2553,5.52,-12.01,64.67,0.553,NVC
YGTGSWPDGANINFM,0.1869,93.8079,3.8,0.94,32.67,-0.4,NVC
YICSGVFGDNPRPND,0.3744,94.1153,4.21,15.23,45.33,-0.707,NVC
YKILKIEKGKVTKSI,0.2535,46.5084,10,11.85,123.33,-0.313,NVC
YNSRFESVAWSASAC,0.1208,95.2003,5.99,64.31,39.33,-0.133,NVC
YPGVRCICRDNWKGS,0.1221,98.493,8.9,4.99,45.33,-0.773,NVC
YPRYPDVRCICRDNW,0.1874,98.7784,8.05,3.79,45.33,-1.133,NVC
YQFALGQGTTLDNKH,0.1774,98.53,6.74,14.43,58.67,-0.827,NVC
YQIGYICSGVFGDNP,0.2763,88.0446,3.8,1.75,71.33,0.12,NVC
YSGIFSVEGKSCINR,0.1282,96.8552,8.2,19.75,71.33,-0.093,NVC
YSGSFVQHPELTGLD,0.2595,99.4713,4.35,13.34,71.33,-0.34,NVC
YSKDNSIRIGSKGDV,0.2162,86.7374,8.5,3.67,71.33,-0.94,NVC
YVELIRGRKQETRVW,0.1162,73.2637,9.98,32.3,90.67,-0.967,NVC
YVSCDPGKCYQFALG,0.0789,96.3051,5.82,33.22,52,0.06,NVC
